ORIGIN_AIRPORT,DESTINATION_AIRPORT,route_delay_rate
10135,10397,0.1568627450980392
10135,11433,0.16279069767441862
10135,13930,0.2
10136,11298,0.09482758620689655
10140,10397,0.09433962264150944
10140,10821,0.1388888888888889
10140,11259,0.17857142857142858
10140,11292,0.2
10140,11298,0.04716981132075472
10140,12191,0.0784313725490196
10140,12266,0.02631578947368421
10140,12478,0.4444444444444444
10140,12889,0.14492753623188406
10140,12892,0.14705882352941177
10140,13198,0.4444444444444444
10140,13232,0.08333333333333333
10140,13487,0.16666666666666666
10140,13796,0.06382978723404255
10140,13930,0.058823529411764705
10140,14057,0.0
10140,14107,0.1941747572815534
10140,14679,0.06060606060606061
10140,14747,0.0
10140,14771,0.05555555555555555
10140,14869,0.0
10141,13487,0.10526315789473684
10146,10397,0.14
10154,10721,0.2857142857142857
10154,12478,0.42857142857142855
10155,11298,0.011627906976744186
10157,14771,0.20588235294117646
10158,10397,0.0
10158,11697,0.08333333333333333
10158,13204,0.1111111111111111
10158,13577,0.0
10158,14635,0.2222222222222222
10158,15304,0.1111111111111111
10165,10299,0.8333333333333334
10170,10299,0.125
10185,10397,0.10606060606060606
10185,11298,0.0392156862745098
10185,12266,0.12244897959183673
10208,10397,0.12030075187969924
10257,10397,0.09803921568627451
10257,10821,0.0784313725490196
10257,11057,0.10638297872340426
10257,11433,0.03125
10257,11618,0.42105263157894735
10257,12889,0.1111111111111111
10257,13204,0.0
10257,13232,0.0
10257,13487,0.05555555555555555
10257,13930,0.06666666666666667
10257,15304,0.05555555555555555
10268,13930,0.0
10279,11259,0.06060606060606061
10279,11292,0.04
10279,11298,0.041666666666666664
10279,12266,0.058823529411764705
10279,12889,0.16666666666666666
10299,10165,0.16666666666666666
10299,10170,0.1875
10299,10551,0.08333333333333333
10299,10754,0.0
10299,10926,0.05555555555555555
10299,11292,0.05555555555555555
10299,11298,0.0
10299,11630,0.3333333333333333
10299,12173,0.0
10299,12523,0.13725490196078433
10299,12892,0.05555555555555555
10299,13487,0.0
10299,13873,0.21052631578947367
10299,13930,0.06060606060606061
10299,13970,0.0625
10299,14057,0.16666666666666666
10299,14107,0.11764705882352941
10299,14709,0.1111111111111111
10299,14747,0.16838487972508592
10333,11433,0.13333333333333333
10372,11292,0.14285714285714285
10372,12892,0.0
10397,10135,0.16
10397,10140,0.05660377358490566
10397,10146,0.2549019607843137
10397,10158,0.2222222222222222
10397,10185,0.15151515151515152
10397,10208,0.12030075187969924
10397,10257,0.09803921568627451
10397,10408,0.15789473684210525
10397,10423,0.07471264367816093
10397,10431,0.14606741573033707
10397,10434,0.16666666666666666
10397,10529,0.05128205128205128
10397,10599,0.05913978494623656
10397,10685,0.11764705882352941
10397,10693,0.06382978723404255
10397,10721,0.08791208791208792
10397,10731,0.21568627450980393
10397,10781,0.15671641791044777
10397,10785,0.2222222222222222
10397,10792,0.04597701149425287
10397,10821,0.10746268656716418
10397,10868,0.07874015748031496
10397,10874,0.06862745098039216
10397,10980,0.10559006211180125
10397,10990,0.09803921568627451
10397,10994,0.043243243243243246
10397,11003,0.15625
10397,11042,0.11377245508982035
10397,11057,0.11730205278592376
10397,11066,0.03508771929824561
10397,11109,0.1111111111111111
10397,11146,0.10975609756097561
10397,11150,0.24615384615384617
10397,11193,0.0425531914893617
10397,11252,0.043478260869565216
10397,11259,0.06172839506172839
10397,11267,0.10294117647058823
10397,11278,0.09686609686609686
10397,11292,0.06315789473684211
10397,11298,0.07046070460704607
10397,11308,0.11594202898550725
10397,11423,0.06
10397,11433,0.1417624521072797
10397,11481,0.009345794392523364
10397,11540,0.058823529411764705
10397,11612,0.1568627450980392
10397,11617,0.15625
10397,11618,0.12962962962962962
10397,11624,0.09722222222222222
10397,11641,0.09195402298850575
10397,11697,0.1486146095717884
10397,11721,0.11764705882352941
10397,11775,0.0
10397,11778,0.1388888888888889
10397,11823,0.06060606060606061
10397,11953,0.1568627450980392
10397,11973,0.043478260869565216
10397,11977,0.21052631578947367
10397,11982,0.0
10397,11986,0.07692307692307693
10397,11995,0.041666666666666664
10397,11996,0.05925925925925926
10397,12007,0.11764705882352941
10397,12173,0.0
10397,12191,0.07009345794392523
10397,12197,0.3181818181818182
10397,12217,0.0547945205479452
10397,12264,0.07575757575757576
10397,12266,0.13191489361702127
10397,12278,0.07407407407407407
10397,12323,0.14942528735632185
10397,12339,0.11267605633802817
10397,12448,0.025
10397,12451,0.08070175438596491
10397,12478,0.1588785046728972
10397,12889,0.10843373493975904
10397,12892,0.04833836858006042
10397,12945,0.11940298507462686
10397,12951,0.13043478260869565
10397,12953,0.0641025641025641
10397,12992,0.009523809523809525
10397,13029,0.2222222222222222
10397,13198,0.05291005291005291
10397,13204,0.13228699551569506
10397,13230,0.09803921568627451
10397,13232,0.09774436090225563
10397,13244,0.05263157894736842
10397,13277,0.09302325581395349
10397,13296,0.058823529411764705
10397,13303,0.08992805755395683
10397,13342,0.08928571428571429
10397,13360,0.07246376811594203
10397,13367,0.16666666666666666
10397,13377,0.06349206349206349
10397,13422,0.08108108108108109
10397,13485,0.0196078431372549
10397,13487,0.05639097744360902
10397,13495,0.08116883116883117
10397,13577,0.09523809523809523
10397,13795,0.16666666666666666
10397,13851,0.03418803418803419
10397,13871,0.034482758620689655
10397,13930,0.13711583924349882
10397,13931,0.0784313725490196
10397,14027,0.125
10397,14057,0.0392156862745098
10397,14098,0.16666666666666666
10397,14100,0.1544943820224719
10397,14107,0.0663265306122449
10397,14108,0.26
10397,14122,0.06521739130434782
10397,14193,0.08333333333333333
10397,14307,0.02
10397,14321,0.0784313725490196
10397,14492,0.10256410256410256
10397,14524,0.09595959595959595
10397,14574,0.09523809523809523
10397,14576,0.0784313725490196
10397,14633,0.058823529411764705
10397,14635,0.09595959595959595
10397,14679,0.02857142857142857
10397,14683,0.07051282051282051
10397,14685,0.05789473684210526
10397,14696,0.0
10397,14730,0.0915032679738562
10397,14747,0.057692307692307696
10397,14771,0.05813953488372093
10397,14783,0.19718309859154928
10397,14814,0.1
10397,14831,0.0
10397,14843,0.1
10397,14869,0.028169014084507043
10397,14893,0.030303030303030304
10397,14908,0.0
10397,14986,0.0380952380952381
10397,15016,0.10416666666666667
10397,15024,0.09523809523809523
10397,15096,0.1568627450980392
10397,15249,0.09401709401709402
10397,15304,0.11811023622047244
10397,15323,0.06315789473684211
10397,15356,0.2777777777777778
10397,15370,0.037037037037037035
10397,15376,0.027777777777777776
10397,15412,0.05
10397,15607,0.1568627450980392
10397,15624,0.04878048780487805
10397,15919,0.1111111111111111
10408,10397,0.10526315789473684
10408,11433,0.16666666666666666
10408,13487,0.0625
10408,13930,0.2
10423,10397,0.040229885057471264
10423,10693,0.15151515151515152
10423,10721,0.2777777777777778
10423,10821,0.1111111111111111
10423,11057,0.0851063829787234
10423,11259,0.10975609756097561
10423,11278,0.2222222222222222
10423,11292,0.06097560975609756
10423,11298,0.06827309236947791
10423,11433,0.05555555555555555
10423,11540,0.044444444444444446
10423,11618,0.030303030303030304
10423,11697,0.05555555555555555
10423,12191,0.057971014492753624
10423,12206,0.13333333333333333
10423,12266,0.05555555555555555
10423,12478,0.08045977011494253
10423,12889,0.1111111111111111
10423,12892,0.09230769230769231
10423,12896,0.13333333333333333
10423,12954,0.2222222222222222
10423,13204,0.15
10423,13232,0.0196078431372549
10423,13303,0.14285714285714285
10423,13487,0.0
10423,13495,0.16666666666666666
10423,13796,0.05555555555555555
10423,13930,0.11627906976744186
10423,14100,0.2727272727272727
10423,14107,0.060240963855421686
10423,14679,0.12121212121212122
10423,14747,0.0
10423,14771,0.16161616161616163
10423,14831,0.06060606060606061
10423,14869,0.030303030303030304
10423,14908,0.1111111111111111
10423,15016,0.0
10423,15304,0.11764705882352941
10431,10397,0.11235955056179775
10431,11618,0.29411764705882354
10431,13930,0.26153846153846155
10434,10397,0.0
10434,11433,0.09090909090909091
10434,11618,0.0
10434,13930,0.21212121212121213
10469,11433,0.0
10469,13930,0.18840579710144928
10529,10397,0.03418803418803419
10529,10821,0.08943089430894309
10529,11042,0.0
10529,11057,0.08602150537634409
10529,11193,0.1111111111111111
10529,11278,0.07692307692307693
10529,11292,0.0
10529,11298,0.030303030303030304
10529,11433,0.08045977011494253
10529,11618,0.25
10529,11697,0.05555555555555555
10529,12889,0.0
10529,13204,0.07042253521126761
10529,13232,0.058823529411764705
10529,13303,0.125
10529,13487,0.10416666666666667
10529,13930,0.0625
10529,14027,0.2222222222222222
10529,14100,0.0
10529,14492,0.0
10529,14635,0.2222222222222222
10529,14843,0.05555555555555555
10529,15304,0.05555555555555555
10551,10299,0.1875
10561,11292,0.12121212121212122
10561,14107,0.07894736842105263
10561,14771,0.25
10577,11433,0.19444444444444445
10581,11433,0.07142857142857142
10581,12953,0.5
10599,10397,0.06451612903225806
10599,10821,0.09375
10599,11259,0.06060606060606061
10599,11292,0.0
10599,11298,0.1111111111111111
10599,11433,0.16216216216216217
10599,12191,0.06666666666666667
10599,12266,0.09876543209876543
10599,12889,0.05555555555555555
10599,12953,0.21428571428571427
10599,13204,0.12121212121212122
10599,13232,0.05555555555555555
10599,13303,0.2222222222222222
10599,13930,0.12121212121212122
10599,15304,0.09090909090909091
10620,11292,0.09090909090909091
10620,13487,0.08333333333333333
10620,14869,0.0196078431372549
10627,11292,0.12121212121212122
10627,11298,0.2222222222222222
10627,13487,0.1134020618556701
10627,13930,0.05555555555555555
10631,13487,0.027777777777777776
10685,10397,0.0784313725490196
10685,11298,0.08333333333333333
10685,13487,1.0
10685,13930,0.0784313725490196
10693,10397,0.10106382978723404
10693,10423,0.09090909090909091
10693,10721,0.06060606060606061
10693,10821,0.15306122448979592
10693,10994,0.16666666666666666
10693,11042,0.0625
10693,11057,0.20454545454545456
10693,11066,0.12121212121212122
10693,11193,0.0
10693,11259,0.0784313725490196
10693,11278,0.09803921568627451
10693,11292,0.08759124087591241
10693,11298,0.05263157894736842
10693,11433,0.06837606837606838
10693,11481,0.19444444444444445
10693,11618,0.20430107526881722
10693,11697,0.2777777777777778
10693,12191,0.07936507936507936
10693,12266,0.06666666666666667
10693,12451,0.19607843137254902
10693,12478,0.05555555555555555
10693,12889,0.0196078431372549
10693,12892,0.08536585365853659
10693,12953,0.19834710743801653
10693,13198,0.07936507936507936
10693,13204,0.2037037037037037
10693,13232,0.0990990990990991
10693,13303,0.16666666666666666
10693,13487,0.1694915254237288
10693,13495,0.10416666666666667
10693,13796,0.05555555555555555
10693,13930,0.13744075829383887
10693,14100,0.21212121212121213
10693,14107,0.05555555555555555
10693,14122,0.3333333333333333
10693,14193,0.1111111111111111
10693,14492,0.19607843137254902
10693,14679,0.1111111111111111
10693,14683,0.12121212121212122
10693,14747,0.0
10693,14869,0.05555555555555555
10693,15016,0.06060606060606061
10693,15304,0.09803921568627451
10713,11292,0.16822429906542055
10713,11884,0.2
10713,12266,0.05555555555555555
10713,12889,0.2222222222222222
10713,12892,0.08333333333333333
10713,13487,0.1568627450980392
10713,13796,0.11428571428571428
10713,13930,0.030303030303030304
10713,14107,0.12280701754385964
10713,14679,0.05555555555555555
10713,14747,0.12222222222222222
10713,14771,0.15942028985507245
10713,14869,0.041237113402061855
10721,10154,0.16666666666666666
10721,10397,0.125
10721,10423,0.058823529411764705
10721,10693,0.0625
10721,10792,0.03571428571428571
10721,10821,0.104
10721,10994,0.05555555555555555
10721,11042,0.1111111111111111
10721,11057,0.18617021276595744
10721,11066,0.15151515151515152
10721,11193,0.2
10721,11259,0.05555555555555555
10721,11278,0.14797136038186157
10721,11292,0.12030075187969924
10721,11298,0.09090909090909091
10721,11433,0.08629441624365482
10721,11618,0.15636363636363637
10721,11697,0.2696629213483146
10721,12191,0.1111111111111111
10721,12264,0.13953488372093023
10721,12266,0.09090909090909091
10721,12339,0.06060606060606061
10721,12451,0.11764705882352941
10721,12478,0.19157088122605365
10721,12889,0.22535211267605634
10721,12892,0.1417004048582996
10721,12953,0.17484662576687116
10721,12954,0.2222222222222222
10721,13198,0.0
10721,13204,0.11811023622047244
10721,13232,0.14444444444444443
10721,13303,0.11764705882352941
10721,13342,0.06060606060606061
10721,13487,0.09473684210526316
10721,13495,0.2222222222222222
10721,13577,0.05555555555555555
10721,13930,0.08270676691729323
10721,14027,0.20754716981132076
10721,14057,0.0
10721,14100,0.19661016949152543
10721,14107,0.17105263157894737
10721,14122,0.06153846153846154
10721,14492,0.12941176470588237
10721,14524,0.18604651162790697
10721,14635,0.05555555555555555
10721,14679,0.0392156862745098
10721,14685,0.0
10721,14747,0.14492753623188406
10721,14771,0.10454545454545454
10721,14831,0.13333333333333333
10721,14843,0.17391304347826086
10721,14869,0.0967741935483871
10721,14986,0.1111111111111111
10721,15016,0.16666666666666666
10721,15024,0.0
10721,15304,0.13636363636363635
10728,11298,0.09803921568627451
10731,10397,0.09803921568627451
10732,11618,0.2727272727272727
10732,11697,0.14285714285714285
10732,12478,0.2777777777777778
10732,13204,0.2777777777777778
10739,13487,0.16666666666666666
10747,11298,0.05555555555555555
10747,12266,0.04838709677419355
10754,10299,0.1111111111111111
10754,11630,0.11764705882352941
10754,14709,0.0
10779,14869,0.0
10781,10397,0.23880597014925373
10781,11298,0.10526315789473684
10781,12266,0.05303030303030303
10785,10397,0.1111111111111111
10785,11433,0.18181818181818182
10785,11618,0.22580645161290322
10785,12478,0.125
10785,12953,0.2222222222222222
10785,13930,0.16666666666666666
10792,10397,0.04597701149425287
10792,10721,0.14285714285714285
10792,10821,0.10784313725490197
10792,11057,0.046875
10792,11433,0.0
10792,11618,0.25
10792,11697,0.0
10792,12478,0.15714285714285714
10792,12889,0.08333333333333333
10792,12953,0.0
10792,13204,0.07017543859649122
10792,13232,0.07407407407407407
10792,13487,0.0
10792,13930,0.136986301369863
10792,14107,0.0
10792,15304,0.0
10800,11292,0.15151515151515152
10800,12478,0.23529411764705882
10800,12889,0.17857142857142858
10800,13796,0.08040201005025126
10800,14057,0.061224489795918366
10800,14107,0.09090909090909091
10800,14747,0.14925373134328357
10800,14771,0.26506024096385544
10800,14831,0.15315315315315314
10800,14869,0.1
10800,14893,0.14018691588785046
10821,10140,0.1388888888888889
10821,10257,0.21568627450980393
10821,10397,0.14497041420118342
10821,10423,0.15151515151515152
10821,10529,0.175
10821,10599,0.18181818181818182
10821,10693,0.1919191919191919
10821,10721,0.17928286852589642
10821,10792,0.17647058823529413
10821,10994,0.14814814814814814
10821,11042,0.15942028985507245
10821,11057,0.22043010752688172
10821,11066,0.1625
10821,11259,0.07246376811594203
10821,11267,0.08333333333333333
10821,11292,0.05714285714285714
10821,11298,0.14942528735632185
10821,11433,0.17164179104477612
10821,11618,0.3
10821,11697,0.17032967032967034
10821,11721,0.3333333333333333
10821,11986,0.3055555555555556
10821,11996,0.1111111111111111
10821,12191,0.05555555555555555
10821,12266,0.06060606060606061
10821,12339,0.21568627450980393
10821,12391,0.19540229885057472
10821,12451,0.27450980392156865
10821,12478,0.1111111111111111
10821,12889,0.1839080459770115
10821,12892,0.1411764705882353
10821,12992,0.05555555555555555
10821,13198,0.20833333333333334
10821,13204,0.16279069767441862
10821,13232,0.10256410256410256
10821,13244,0.1111111111111111
10821,13296,0.17424242424242425
10821,13303,0.1276595744680851
10821,13342,0.08333333333333333
10821,13487,0.08695652173913043
10821,13495,0.1388888888888889
10821,13577,0.3333333333333333
10821,13796,0.05555555555555555
10821,13851,0.16666666666666666
10821,13930,0.2046783625730994
10821,13931,0.18840579710144928
10821,14027,0.24242424242424243
10821,14107,0.08108108108108109
10821,14122,0.27450980392156865
10821,14307,0.1830065359477124
10821,14321,0.14035087719298245
10821,14492,0.19607843137254902
10821,14576,0.16666666666666666
10821,14635,0.20512820512820512
10821,14679,0.1388888888888889
10821,14683,0.05555555555555555
10821,14730,0.13636363636363635
10821,14747,0.3055555555555556
10821,14771,0.0
10821,14843,0.23809523809523808
10821,14869,0.0784313725490196
10821,15016,0.05714285714285714
10821,15304,0.26666666666666666
10849,11292,0.09836065573770492
10849,13487,0.05555555555555555
10849,13930,0.2
10849,14057,0.05555555555555555
10849,14747,0.0
10849,14869,0.0
10868,10397,0.14173228346456693
10868,11298,0.14893617021276595
10868,12266,0.14285714285714285
10868,12953,0.21052631578947367
10868,13930,0.1
10874,10397,0.09803921568627451
10874,11278,0.16666666666666666
10874,11292,0.1111111111111111
10874,12953,0.24242424242424243
10874,13204,0.05555555555555555
10874,13930,0.030303030303030304
10874,15304,0.2222222222222222
10918,14869,0.03333333333333333
10926,10299,0.2777777777777778
10926,15991,0.0
10980,10397,0.16149068322981366
10980,11298,0.17647058823529413
10980,11433,0.06666666666666667
10980,13930,0.16666666666666666
10990,10397,0.058823529411764705
10990,12953,0.1875
10990,13930,0.09259259259259259
10994,10397,0.05405405405405406
10994,10693,0.05555555555555555
10994,10721,0.16666666666666666
10994,10821,0.12962962962962962
10994,11057,0.16666666666666666
10994,11259,0.1111111111111111
10994,11278,0.05555555555555555
10994,11433,0.0
10994,11618,0.24705882352941178
10994,12191,0.047619047619047616
10994,12266,0.16666666666666666
10994,12478,0.3157894736842105
10994,13232,0.05555555555555555
10994,13930,0.17391304347826086
10994,14100,0.25
11003,10397,0.15151515151515152
11003,11292,0.1875
11003,11433,0.08571428571428572
11003,13487,0.19444444444444445
11003,13930,0.07407407407407407
11013,11433,0.15151515151515152
11042,10397,0.07784431137724551
11042,10529,0.18181818181818182
11042,10693,0.08333333333333333
11042,10721,0.1746031746031746
11042,10821,0.13636363636363635
11042,11057,0.10606060606060606
11042,11278,0.21333333333333335
11042,11292,0.013513513513513514
11042,11298,0.06756756756756757
11042,11433,0.02702702702702703
11042,11618,0.21212121212121213
11042,11697,0.3611111111111111
11042,12264,0.2222222222222222
11042,12266,0.0273972602739726
11042,12478,0.16666666666666666
11042,12889,0.08139534883720931
11042,12892,0.18
11042,12953,0.19047619047619047
11042,13204,0.1388888888888889
11042,13232,0.08823529411764706
11042,13303,0.23809523809523808
11042,13342,0.09523809523809523
11042,13487,0.10526315789473684
11042,13577,0.14285714285714285
11042,13930,0.09170305676855896
11042,14107,0.08333333333333333
11042,14492,0.2
11042,14635,0.17857142857142858
11042,14771,0.05555555555555555
11042,15016,0.07407407407407407
11042,15304,0.038461538461538464
11049,11298,0.07142857142857142
11049,12266,0.13043478260869565
11057,10257,0.125
11057,10397,0.13196480938416422
11057,10423,0.10416666666666667
11057,10529,0.22580645161290322
11057,10693,0.125
11057,10721,0.18518518518518517
11057,10792,0.06349206349206349
11057,10821,0.1837837837837838
11057,10994,0.2222222222222222
11057,11042,0.07575757575757576
11057,11259,0.05555555555555555
11057,11278,0.16546762589928057
11057,11292,0.10743801652892562
11057,11298,0.10047846889952153
11057,11433,0.1
11057,11618,0.2168141592920354
11057,11697,0.2047244094488189
11057,11995,0.23529411764705882
11057,12191,0.05555555555555555
11057,12264,0.0
11057,12266,0.11801242236024845
11057,12323,0.23076923076923078
11057,12339,0.10344827586206896
11057,12451,0.12173913043478261
11057,12478,0.2826086956521739
11057,12889,0.14457831325301204
11057,12892,0.1523809523809524
11057,12953,0.16831683168316833
11057,13198,0.22388059701492538
11057,13204,0.30128205128205127
11057,13230,0.26666666666666666
11057,13232,0.09090909090909091
11057,13244,0.13333333333333333
11057,13303,0.16770186335403728
11057,13487,0.14414414414414414
11057,13495,0.13636363636363635
11057,13930,0.12272727272727273
11057,13931,0.11290322580645161
11057,14027,0.21518987341772153
11057,14057,0.0
11057,14100,0.1711229946524064
11057,14107,0.15384615384615385
11057,14122,0.15503875968992248
11057,14307,0.20588235294117646
11057,14321,0.16666666666666666
11057,14492,0.1506849315068493
11057,14524,0.125
11057,14576,0.15625
11057,14635,0.05
11057,14679,0.0
11057,14683,0.13333333333333333
11057,14747,0.10810810810810811
11057,14771,0.1
11057,14843,0.0
11057,14869,0.0625
11057,14893,0.2
11057,15016,0.1509433962264151
11057,15024,0.375
11057,15096,0.09090909090909091
11057,15304,0.14
11057,15356,0.2222222222222222
11066,10397,0.06432748538011696
11066,10693,0.030303030303030304
11066,10721,0.06060606060606061
11066,10821,0.1125
11066,11259,0.0
11066,11278,0.0
11066,11292,0.1111111111111111
11066,11298,0.047619047619047616
11066,11618,0.28
11066,12266,0.09433962264150944
11066,12478,0.3333333333333333
11066,12889,0.08333333333333333
11066,12892,0.06451612903225806
11066,12953,0.1875
11066,13204,0.1388888888888889
11066,13232,0.08771929824561403
11066,13303,0.15625
11066,13487,0.0
11066,13796,0.0
11066,13930,0.1
11066,14107,0.1346153846153846
11066,14635,0.16666666666666666
11066,15016,0.06060606060606061
11066,15304,0.0
11067,11298,0.0
11067,13930,0.049019607843137254
11076,13930,0.05714285714285714
11097,14869,0.2222222222222222
11109,10397,0.0
11109,11292,0.23076923076923078
11109,11298,0.05660377358490566
11109,12266,0.08163265306122448
11109,12892,0.21212121212121213
11109,13930,0.14814814814814814
11109,14747,0.05555555555555555
11109,14869,0.12903225806451613
11111,11298,0.0
11111,13930,0.0
11122,11292,0.21212121212121213
11122,14869,0.06521739130434782
11140,11298,0.1206896551724138
11140,12191,0.030303030303030304
11140,12266,0.05128205128205128
11146,10397,0.15476190476190477
11146,12266,0.06666666666666667
11146,13930,0.06060606060606061
11150,10397,0.15151515151515152
11193,10397,0.0851063829787234
11193,10529,0.1
11193,10693,0.2
11193,10721,0.13333333333333333
11193,11278,0.0
11193,11292,0.14814814814814814
11193,11298,0.043859649122807015
11193,11433,0.08695652173913043
11193,11618,0.18571428571428572
11193,11697,0.05555555555555555
11193,12264,0.125
11193,12266,0.18867924528301888
11193,12478,0.05555555555555555
11193,12889,0.16666666666666666
11193,12892,0.06896551724137931
11193,12953,0.16666666666666666
11193,13204,0.12962962962962962
11193,13244,0.07692307692307693
11193,13303,0.19230769230769232
11193,13342,0.06666666666666667
11193,13487,0.0
11193,13930,0.16228070175438597
11193,14492,0.3333333333333333
11193,14635,0.047619047619047616
11193,14771,0.0
11193,14869,0.0
11193,15304,0.0
11193,15919,0.08333333333333333
11203,13930,0.05952380952380952
11252,10397,0.07246376811594203
11259,10140,0.09523809523809523
11259,10279,0.07692307692307693
11259,10397,0.08484848484848485
11259,10423,0.18775510204081633
11259,10599,0.030303030303030304
11259,10693,0.1
11259,10721,0.16666666666666666
11259,10821,0.07246376811594203
11259,10994,0.2777777777777778
11259,11057,0.05555555555555555
11259,11066,0.0
11259,11278,0.12605042016806722
11259,11292,0.09523809523809523
11259,11433,0.2222222222222222
11259,11481,0.0
11259,11540,0.043478260869565216
11259,11697,0.09803921568627451
11259,12191,0.09523809523809523
11259,12278,0.03333333333333333
11259,12339,0.05555555555555555
11259,12889,0.05555555555555555
11259,12892,0.13043478260869565
11259,12896,0.11494252873563218
11259,12953,0.23880597014925373
11259,12992,0.08695652173913043
11259,13158,0.075
11259,13198,0.1452991452991453
11259,13204,0.09259259259259259
11259,13232,0.075
11259,13244,0.06060606060606061
11259,13342,0.2777777777777778
11259,13495,0.08527131782945736
11259,13796,0.09090909090909091
11259,13851,0.09803921568627451
11259,13871,0.2222222222222222
11259,14057,0.05555555555555555
11259,14100,0.05555555555555555
11259,14107,0.09195402298850575
11259,14122,0.1111111111111111
11259,14492,0.2222222222222222
11259,14679,0.05555555555555555
11259,14683,0.09259259259259259
11259,14747,0.1388888888888889
11259,14771,0.16049382716049382
11259,14831,0.0
11259,14869,0.0
11259,14893,0.05555555555555555
11259,14908,0.1
11259,15016,0.09401709401709402
11259,15304,0.05555555555555555
11259,15370,0.11764705882352941
11267,10397,0.04411764705882353
11267,10821,0.05555555555555555
11267,11292,0.14705882352941177
11267,11298,0.0625
11267,11433,0.13333333333333333
11267,11618,0.20454545454545456
11267,13204,0.1111111111111111
11267,13487,0.0
11267,13930,0.11875
11274,13930,0.0392156862745098
11278,10397,0.11965811965811966
11278,10423,0.1111111111111111
11278,10529,0.07692307692307693
11278,10693,0.0196078431372549
11278,10721,0.15
11278,10874,0.05555555555555555
11278,10994,0.08333333333333333
11278,11042,0.2
11278,11057,0.09090909090909091
11278,11066,0.16666666666666666
11278,11193,0.0
11278,11259,0.1
11278,11292,0.08064516129032258
11278,11298,0.08187134502923976
11278,11433,0.1595744680851064
11278,11618,0.20253164556962025
11278,11697,0.17073170731707318
11278,12191,0.06060606060606061
11278,12266,0.056074766355140186
11278,12339,0.1568627450980392
11278,12451,0.2777777777777778
11278,12478,0.16666666666666666
11278,12889,0.16666666666666666
11278,12892,0.07407407407407407
11278,12953,0.2146118721461187
11278,13198,0.10638297872340426
11278,13204,0.14689265536723164
11278,13232,0.09615384615384616
11278,13303,0.23417721518987342
11278,13342,0.09259259259259259
11278,13487,0.12121212121212122
11278,13495,0.0392156862745098
11278,13930,0.10746268656716418
11278,14027,0.12
11278,14057,0.1111111111111111
11278,14100,0.0
11278,14107,0.11320754716981132
11278,14307,0.0
11278,14321,0.0
11278,14635,0.1111111111111111
11278,14747,0.16666666666666666
11278,14771,0.05555555555555555
11278,14843,0.0
11278,14869,0.030303030303030304
11278,15016,0.1568627450980392
11278,15304,0.10948905109489052
11292,10140,0.1
11292,10279,0.2
11292,10299,0.2777777777777778
11292,10372,0.0
11292,10397,0.12794612794612795
11292,10423,0.0783132530120482
11292,10529,0.05555555555555555
11292,10561,0.12121212121212122
11292,10599,0.2222222222222222
11292,10620,0.029850746268656716
11292,10627,0.12121212121212122
11292,10693,0.09166666666666666
11292,10713,0.08333333333333333
11292,10721,0.1510791366906475
11292,10800,0.07936507936507936
11292,10821,0.13333333333333333
11292,10849,0.13114754098360656
11292,10874,0.2777777777777778
11292,11003,0.1282051282051282
11292,11042,0.06896551724137931
11292,11057,0.22950819672131148
11292,11066,0.12121212121212122
11292,11109,0.24271844660194175
11292,11122,0.12121212121212122
11292,11193,0.2
11292,11259,0.10714285714285714
11292,11267,0.24242424242424243
11292,11278,0.13432835820895522
11292,11298,0.09776536312849161
11292,11413,0.2727272727272727
11292,11423,0.15789473684210525
11292,11433,0.12574850299401197
11292,11540,0.2222222222222222
11292,11603,0.15151515151515152
11292,11618,0.18
11292,11637,0.16393442622950818
11292,11638,0.07246376811594203
11292,11648,0.1111111111111111
11292,11697,0.1282051282051282
11292,11775,0.0975609756097561
11292,11865,0.030303030303030304
11292,11884,0.10666666666666667
11292,11921,0.3333333333333333
11292,11986,0.14285714285714285
11292,11995,0.0
11292,12003,0.11764705882352941
11292,12094,0.2
11292,12156,0.16666666666666666
11292,12173,0.16666666666666666
11292,12191,0.1414141414141414
11292,12255,0.06666666666666667
11292,12264,0.1393939393939394
11292,12266,0.08130081300813008
11292,12278,0.04878048780487805
11292,12280,0.1568627450980392
11292,12339,0.12605042016806722
11292,12389,0.13846153846153847
11292,12441,0.1111111111111111
11292,12451,0.1111111111111111
11292,12478,0.11764705882352941
11292,12519,0.17857142857142858
11292,12758,0.3333333333333333
11292,12888,0.1111111111111111
11292,12889,0.16516516516516516
11292,12892,0.14285714285714285
11292,12896,0.45454545454545453
11292,12953,0.12921348314606743
11292,12992,0.18181818181818182
11292,13029,0.1568627450980392
11292,13158,0.11475409836065574
11292,13198,0.09523809523809523
11292,13204,0.08280254777070063
11292,13232,0.12837837837837837
11292,13244,0.13725490196078433
11292,13264,0.09090909090909091
11292,13303,0.0425531914893617
11292,13342,0.12295081967213115
11292,13433,0.11594202898550725
11292,13485,0.11627906976744186
11292,13486,0.12121212121212122
11292,13487,0.08544303797468354
11292,13495,0.14
11292,13796,0.057971014492753624
11292,13830,0.0
11292,13851,0.1794871794871795
11292,13871,0.12631578947368421
11292,13891,0.1111111111111111
11292,13930,0.10380622837370242
11292,13964,0.5
11292,14057,0.06542056074766354
11292,14100,0.16393442622950818
11292,14107,0.14795918367346939
11292,14122,0.16666666666666666
11292,14252,0.08333333333333333
11292,14262,0.19444444444444445
11292,14457,0.13333333333333333
11292,14489,0.18181818181818182
11292,14492,0.20689655172413793
11292,14543,0.0967741935483871
11292,14570,0.125
11292,14635,0.2
11292,14679,0.07083333333333333
11292,14683,0.12790697674418605
11292,14689,0.18181818181818182
11292,14730,0.09523809523809523
11292,14747,0.12962962962962962
11292,14771,0.18556701030927836
11292,14783,0.11538461538461539
11292,14794,0.2777777777777778
11292,14814,0.06666666666666667
11292,14831,0.11290322580645161
11292,14869,0.0673076923076923
11292,14893,0.08208955223880597
11292,14908,0.06521739130434782
11292,15016,0.17647058823529413
11292,15304,0.15053763440860216
11292,15370,0.10344827586206896
11292,15376,0.16666666666666666
11292,15412,0.125
11292,15919,0.2962962962962963
11298,10136,0.06896551724137931
11298,10140,0.056074766355140186
11298,10155,0.03488372093023256
11298,10185,0.058823529411764705
11298,10279,0.08333333333333333
11298,10299,0.5
11298,10397,0.06775067750677506
11298,10423,0.08764940239043825
11298,10529,0.15151515151515152
11298,10599,0.05555555555555555
11298,10627,0.1111111111111111
11298,10685,0.08571428571428572
11298,10693,0.05921052631578947
11298,10721,0.12834224598930483
11298,10728,0.0784313725490196
11298,10747,0.018867924528301886
11298,10781,0.14912280701754385
11298,10821,0.10344827586206896
11298,10868,0.19148936170212766
11298,10980,0.23529411764705882
11298,11042,0.0945945945945946
11298,11049,0.07142857142857142
11298,11057,0.12380952380952381
11298,11066,0.05952380952380952
11298,11067,0.05555555555555555
11298,11109,0.07692307692307693
11298,11111,0.08333333333333333
11298,11140,0.1016949152542373
11298,11193,0.08771929824561403
11298,11267,0.0425531914893617
11298,11278,0.1
11298,11292,0.08814589665653495
11298,11413,0.05555555555555555
11298,11423,0.06896551724137931
11298,11433,0.05921052631578947
11298,11503,0.0
11298,11540,0.1527777777777778
11298,11612,0.0
11298,11618,0.16666666666666666
11298,11637,0.0
11298,11638,0.0
11298,11697,0.08571428571428572
11298,11778,0.08695652173913043
11298,11823,0.08333333333333333
11298,11867,0.0
11298,11905,0.02857142857142857
11298,11921,0.038461538461538464
11298,11973,0.0
11298,11980,0.06060606060606061
11298,11982,0.05
11298,11996,0.0
11298,12173,0.3055555555555556
11298,12191,0.02564102564102564
11298,12217,0.06666666666666667
11298,12264,0.09375
11298,12266,0.05583756345177665
11298,12278,0.08823529411764706
11298,12339,0.06896551724137931
11298,12441,0.0
11298,12448,0.13559322033898305
11298,12451,0.07575757575757576
11298,12478,0.4090909090909091
11298,12511,0.058823529411764705
11298,12889,0.0639269406392694
11298,12891,0.0273972602739726
11298,12892,0.0821917808219178
11298,12896,0.09375
11298,12915,0.0784313725490196
11298,12945,0.2
11298,12951,0.046511627906976744
11298,12953,0.12931034482758622
11298,12992,0.06862745098039216
11298,13061,0.10144927536231885
11298,13158,0.21052631578947367
11298,13198,0.09090909090909091
11298,13204,0.07608695652173914
11298,13241,0.13333333333333333
11298,13244,0.1111111111111111
11298,13256,0.04285714285714286
11298,13277,0.11764705882352941
11298,13290,0.0
11298,13303,0.1076923076923077
11298,13342,0.07936507936507936
11298,13367,0.0784313725490196
11298,13377,0.0784313725490196
11298,13422,0.14
11298,13485,0.06666666666666667
11298,13487,0.08
11298,13495,0.07042253521126761
11298,13796,0.0
11298,13830,0.30434782608695654
11298,13851,0.09090909090909091
11298,13871,0.09090909090909091
11298,13891,0.10344827586206896
11298,13930,0.09382151029748284
11298,13931,0.1388888888888889
11298,14027,0.05555555555555555
11298,14057,0.09574468085106383
11298,14100,0.13402061855670103
11298,14107,0.08878504672897196
11298,14108,0.058823529411764705
11298,14122,0.028985507246376812
11298,14193,0.06451612903225806
11298,14262,0.0625
11298,14457,0.0
11298,14492,0.10344827586206896
11298,14524,0.0196078431372549
11298,14570,0.08333333333333333
11298,14588,0.07407407407407407
11298,14635,0.0425531914893617
11298,14674,0.07407407407407407
11298,14679,0.10404624277456648
11298,14683,0.07630522088353414
11298,14685,0.42857142857142855
11298,14730,0.2
11298,14747,0.07514450867052024
11298,14771,0.09482758620689655
11298,14783,0.017391304347826087
11298,14814,0.10833333333333334
11298,14831,0.023255813953488372
11298,14842,0.03488372093023256
11298,14843,0.058823529411764705
11298,14869,0.05555555555555555
11298,14893,0.11594202898550725
11298,14908,0.034722222222222224
11298,14952,0.09090909090909091
11298,14960,0.04225352112676056
11298,15016,0.06153846153846154
11298,15249,0.1111111111111111
11298,15304,0.08823529411764706
11298,15370,0.07246376811594203
11298,15376,0.05737704918032787
11298,15401,0.1
11298,15411,0.08139534883720931
11298,15412,0.11494252873563218
11298,15624,0.10588235294117647
11298,15919,0.10569105691056911
11308,10397,0.2318840579710145
11315,13487,0.0
11337,13487,0.19047619047619047
11337,13930,0.22058823529411764
11413,11292,0.22727272727272727
11413,11298,0.09259259259259259
11413,14107,0.0
11423,10397,0.11764705882352941
11423,11292,0.16
11423,11298,0.07142857142857142
11423,11433,1.0
11423,11618,0.0
11423,12266,0.0
11423,12889,0.05555555555555555
11423,13232,0.030303030303030304
11423,13487,1.0
11423,13930,0.05405405405405406
11423,14107,0.05714285714285714
11423,14869,0.06666666666666667
11433,10135,0.16279069767441862
11433,10257,0.0625
11433,10333,0.1
11433,10397,0.12260536398467432
11433,10408,0.06666666666666667
11433,10423,0.05263157894736842
11433,10434,0.16666666666666666
11433,10469,0.0
11433,10529,0.08045977011494253
11433,10577,0.1388888888888889
11433,10581,0.23076923076923078
11433,10599,0.08108108108108109
11433,10693,0.10256410256410256
11433,10721,0.116751269035533
11433,10785,0.08333333333333333
11433,10792,0.08695652173913043
11433,10821,0.10687022900763359
11433,10980,0.16666666666666666
11433,10994,0.07142857142857142
11433,11003,0.05555555555555555
11433,11013,0.09090909090909091
11433,11042,0.15789473684210525
11433,11057,0.14736842105263157
11433,11193,0.15789473684210525
11433,11259,0.0
11433,11267,0.06666666666666667
11433,11278,0.17204301075268819
11433,11292,0.05454545454545454
11433,11298,0.0718954248366013
11433,11423,1.0
11433,11537,0.1111111111111111
11433,11587,0.034482758620689655
11433,11612,0.06976744186046512
11433,11618,0.16216216216216217
11433,11697,0.17006802721088435
11433,11823,0.018518518518518517
11433,11977,0.08333333333333333
11433,11986,0.18691588785046728
11433,11995,0.06666666666666667
11433,11996,0.0
11433,12197,0.0
11433,12264,0.05263157894736842
11433,12266,0.13043478260869565
11433,12339,0.16
11433,12451,0.06666666666666667
11433,12478,0.3684210526315789
11433,12884,0.1
11433,12889,0.12738853503184713
11433,12892,0.12380952380952381
11433,12945,0.08163265306122448
11433,12953,0.17592592592592593
11433,12992,0.0
11433,13184,0.0
11433,13198,0.12857142857142856
11433,13204,0.1527777777777778
11433,13230,0.07142857142857142
11433,13232,0.11805555555555555
11433,13244,0.20930232558139536
11433,13296,0.06666666666666667
11433,13303,0.15217391304347827
11433,13342,0.08235294117647059
11433,13485,0.09278350515463918
11433,13487,0.174496644295302
11433,13495,0.058823529411764705
11433,13577,0.08571428571428572
11433,13851,0.15151515151515152
11433,13871,0.06382978723404255
11433,13930,0.12385321100917432
11433,13931,0.0
11433,14027,0.05555555555555555
11433,14057,0.0
11433,14100,0.21568627450980393
11433,14107,0.10144927536231885
11433,14108,0.0
11433,14122,0.125
11433,14150,0.08333333333333333
11433,14307,0.043478260869565216
11433,14321,0.0
11433,14492,0.0967741935483871
11433,14524,0.13725490196078433
11433,14576,0.13333333333333333
11433,14635,0.14285714285714285
11433,14679,0.0
11433,14683,0.0
11433,14685,0.5
11433,14696,0.07894736842105263
11433,14730,0.0
11433,14747,0.11538461538461539
11433,14771,0.08433734939759036
11433,14869,0.08450704225352113
11433,15016,0.08695652173913043
11433,15096,0.09090909090909091
11433,15304,0.1111111111111111
11433,15356,0.17647058823529413
11433,15370,0.3333333333333333
11433,15380,0.10526315789473684
11433,15412,0.0
11447,11292,0.3076923076923077
11447,12519,0.0
11471,13930,0.16666666666666666
11481,10397,0.046296296296296294
11481,10693,0.027777777777777776
11481,11259,0.0
11481,12191,0.08333333333333333
11481,12266,0.0
11503,11298,0.0
11525,14869,0.1
11537,11433,0.12345679012345678
11537,13930,0.18181818181818182
11540,10397,0.0784313725490196
11540,10423,0.022727272727272728
11540,11259,0.11594202898550725
11540,11292,0.08333333333333333
11540,11298,0.1111111111111111
11540,12191,0.041666666666666664
11540,12266,0.0196078431372549
11540,12889,0.16666666666666666
11540,12892,0.23529411764705882
11540,13930,0.0
11540,14107,0.12121212121212122
11540,14683,0.022222222222222223
11577,13930,0.06060606060606061
11587,11433,0.034482758620689655
11603,11292,0.24242424242424243
11603,12892,0.05555555555555555
11603,14771,0.1792452830188679
11603,14869,0.027777777777777776
11612,10397,0.13725490196078433
11612,11298,0.05555555555555555
11612,11433,0.06818181818181818
11612,13930,0.13675213675213677
11617,10397,0.12121212121212122
11618,10257,0.14285714285714285
11618,10397,0.09124087591240876
11618,10423,0.09803921568627451
11618,10431,0.29411764705882354
11618,10434,0.0
11618,10529,0.0
11618,10693,0.22580645161290322
11618,10721,0.1444043321299639
11618,10732,0.36363636363636365
11618,10785,0.22580645161290322
11618,10792,0.208955223880597
11618,10821,0.30303030303030304
11618,10994,0.22988505747126436
11618,11042,0.125
11618,11057,0.11790393013100436
11618,11066,0.12121212121212122
11618,11193,0.18571428571428572
11618,11267,0.17073170731707318
11618,11278,0.25
11618,11292,0.13815789473684212
11618,11298,0.08888888888888889
11618,11423,0.25
11618,11433,0.1044776119402985
11618,11697,0.1518987341772152
11618,11986,0.25
11618,11995,0.18309859154929578
11618,11996,0.10638297872340426
11618,12173,0.05555555555555555
11618,12191,0.125
11618,12264,0.16666666666666666
11618,12266,0.12429378531073447
11618,12339,0.1780821917808219
11618,12451,0.2857142857142857
11618,12889,0.10810810810810811
11618,12892,0.12903225806451613
11618,13198,0.34782608695652173
11618,13204,0.13973799126637554
11618,13232,0.1111111111111111
11618,13244,0.25396825396825395
11618,13296,0.17391304347826086
11618,13303,0.10294117647058823
11618,13342,0.20634920634920634
11618,13485,0.23529411764705882
11618,13487,0.038461538461538464
11618,13495,0.034482758620689655
11618,13851,0.35294117647058826
11618,13871,0.36363636363636365
11618,13930,0.099601593625498
11618,13931,0.1864406779661017
11618,14027,0.23529411764705882
11618,14057,0.16666666666666666
11618,14107,0.11864406779661017
11618,14122,0.05
11618,14307,0.21739130434782608
11618,14321,0.2727272727272727
11618,14492,0.1875
11618,14524,0.14492753623188406
11618,14576,0.17647058823529413
11618,14635,0.05555555555555555
11618,14679,0.13725490196078433
11618,14683,0.0
11618,14685,0.15789473684210525
11618,14696,0.125
11618,14730,0.14814814814814814
11618,14747,0.10294117647058823
11618,14771,0.1111111111111111
11618,14843,0.2777777777777778
11618,14869,0.0
11618,14908,0.023809523809523808
11618,15016,0.14864864864864866
11618,15096,0.13333333333333333
11618,15304,0.23076923076923078
11618,15412,0.29411764705882354
11618,15919,0.18181818181818182
11624,10397,0.08333333333333333
11624,13303,0.07142857142857142
11630,10299,0.0
11630,14747,0.1044776119402985
11637,11292,0.11290322580645161
11637,11298,0.05555555555555555
11637,13487,0.09009009009009009
11637,13930,0.14782608695652175
11638,11292,0.18840579710144928
11638,11298,0.08333333333333333
11638,12892,0.1643835616438356
11638,14057,0.0
11638,14679,0.08571428571428572
11638,14747,0.19148936170212766
11638,14771,0.24528301886792453
11638,14869,0.041666666666666664
11641,10397,0.10344827586206896
11648,11292,0.19444444444444445
11648,14869,0.0
11695,14107,0.25
11697,10158,0.22857142857142856
11697,10397,0.0906801007556675
11697,10423,0.05555555555555555
11697,10529,0.1388888888888889
11697,10693,0.08333333333333333
11697,10721,0.26666666666666666
11697,10732,0.375
11697,10792,0.05555555555555555
11697,10821,0.1
11697,11042,0.16666666666666666
11697,11057,0.07142857142857142
11697,11193,0.05555555555555555
11697,11259,0.058823529411764705
11697,11278,0.19672131147540983
11697,11292,0.05128205128205128
11697,11298,0.05
11697,11433,0.09523809523809523
11697,11618,0.1568627450980392
11697,12191,0.0
11697,12197,0.1111111111111111
11697,12265,0.0
11697,12266,0.038834951456310676
11697,12391,0.2222222222222222
11697,12451,0.2777777777777778
11697,12478,0.29949238578680204
11697,12889,0.18055555555555555
11697,12892,0.11363636363636363
11697,12898,0.125
11697,12953,0.16
11697,13204,0.1111111111111111
11697,13232,0.1282051282051282
11697,13487,0.125
11697,13495,0.05555555555555555
11697,13577,0.0
11697,13930,0.10989010989010989
11697,13933,0.17647058823529413
11697,14025,0.2857142857142857
11697,14100,0.18571428571428572
11697,14107,0.058823529411764705
11697,14122,0.2777777777777778
11697,14307,0.1111111111111111
11697,14492,0.16666666666666666
11697,14524,0.6111111111111112
11697,14747,0.0
11697,14771,0.18055555555555555
11697,14843,0.25833333333333336
11697,15016,0.05555555555555555
11697,15024,0.16666666666666666
11697,15070,0.3888888888888889
11697,15304,0.10101010101010101
11697,15356,0.0
11721,10397,0.058823529411764705
11721,10821,0.05555555555555555
11721,12889,0.2222222222222222
11721,13204,0.05555555555555555
11721,13487,0.12121212121212122
11721,13930,0.08823529411764706
11775,10397,0.1111111111111111
11775,11292,0.18421052631578946
11775,13487,0.06521739130434782
11775,13930,0.10526315789473684
11778,10397,0.05555555555555555
11778,11298,0.028985507246376812
11823,10397,0.030303030303030304
11823,11298,0.027777777777777776
11823,11433,0.07407407407407407
11823,13487,0.0
11823,13930,0.06504065040650407
11865,11292,0.12121212121212122
11865,14869,0.1111111111111111
11867,11298,0.027777777777777776
11884,10713,0.1724137931034483
11884,11292,0.05405405405405406
11884,12889,0.1111111111111111
11884,13487,0.1111111111111111
11884,13796,0.16666666666666666
11884,14107,0.05660377358490566
11884,14747,0.1503267973856209
11884,14869,0.07936507936507936
11898,13487,0.07407407407407407
11905,11298,0.06060606060606061
11921,11292,0.0
11921,11298,0.11538461538461539
11921,12266,0.1111111111111111
11921,14107,0.11320754716981132
11921,14869,0.0967741935483871
11953,10397,0.08737864077669903
11953,13303,0.12121212121212122
11973,10397,0.14492753623188406
11973,11298,0.02040816326530612
11973,12266,0.109375
11977,10397,0.0
11977,11433,0.14583333333333334
11977,13487,0.12307692307692308
11977,13930,0.125
11980,11298,0.06060606060606061
11982,10397,0.034482758620689655
11982,11298,0.03571428571428571
11982,12266,0.08695652173913043
11986,10397,0.09230769230769231
11986,10821,0.08333333333333333
11986,11292,0.10416666666666667
11986,11433,0.08411214953271028
11986,11618,0.17857142857142858
11986,12266,0.0
11986,13487,0.140625
11986,13930,0.15384615384615385
11986,15016,0.0
11995,10397,0.05555555555555555
11995,11057,0.08823529411764706
11995,11292,0.1
11995,11433,0.2
11995,11618,0.20833333333333334
11995,12953,0.13636363636363635
11995,13930,0.06666666666666667
11996,10397,0.05925925925925926
11996,10821,0.2777777777777778
11996,11298,0.0
11996,11433,0.0
11996,11618,0.23404255319148937
11996,12191,0.0
11996,12266,0.022222222222222223
11996,13232,0.0
11996,13930,0.07575757575757576
12003,11292,0.13725490196078433
12003,13487,0.1111111111111111
12003,14869,0.045454545454545456
12007,10397,0.17647058823529413
12016,12173,0.0625
12094,11292,0.13333333333333333
12129,12343,0.17647058823529413
12129,13487,0.06666666666666667
12156,11292,0.3333333333333333
12156,13487,0.05555555555555555
12156,14869,0.0
12173,10299,0.15384615384615385
12173,10397,0.058823529411764705
12173,11292,0.058823529411764705
12173,11298,0.027777777777777776
12173,11618,0.2222222222222222
12173,12016,0.0
12173,12264,0.0
12173,12266,0.05555555555555555
12173,12402,0.04526748971193416
12173,12478,0.375
12173,12758,0.04229607250755287
12173,12889,0.18181818181818182
12173,12892,0.11068702290076336
12173,12982,0.08680555555555555
12173,13796,0.125
12173,13830,0.05393258426966292
12173,13930,0.05555555555555555
12173,14057,0.024390243902439025
12173,14107,0.21568627450980393
12173,14222,0.2
12173,14679,0.17647058823529413
12173,14747,0.06976744186046512
12173,14771,0.14130434782608695
12173,14831,0.1724137931034483
12173,14869,0.05555555555555555
12173,14893,0.3333333333333333
12177,12266,0.06451612903225806
12191,10140,0.0392156862745098
12191,10397,0.13145539906103287
12191,10423,0.08695652173913043
12191,10599,0.06666666666666667
12191,10693,0.14285714285714285
12191,10721,0.08823529411764706
12191,10821,0.058823529411764705
12191,10994,0.38095238095238093
12191,11057,0.05555555555555555
12191,11140,0.07575757575757576
12191,11259,0.08823529411764706
12191,11278,0.1076923076923077
12191,11292,0.10101010101010101
12191,11298,0.05063291139240506
12191,11481,0.1111111111111111
12191,11540,0.020833333333333332
12191,11618,0.2222222222222222
12191,11697,0.16666666666666666
12191,11996,0.05555555555555555
12191,12206,0.08333333333333333
12191,12339,0.06060606060606061
12191,12451,0.05555555555555555
12191,12478,0.2222222222222222
12191,12889,0.10144927536231885
12191,12892,0.08333333333333333
12191,12953,0.19607843137254902
12191,13158,0.031746031746031744
12191,13198,0.18181818181818182
12191,13204,0.13636363636363635
12191,13232,0.08547008547008547
12191,13244,0.18181818181818182
12191,13495,0.09876543209876543
12191,13796,0.027777777777777776
12191,13851,0.047619047619047616
12191,14107,0.08695652173913043
12191,14122,0.05555555555555555
12191,14193,0.1111111111111111
12191,14492,0.10714285714285714
12191,14679,0.0
12191,14683,0.057971014492753624
12191,14843,0.0
12191,14908,0.05555555555555555
12191,15016,0.07936507936507936
12191,15304,0.11764705882352941
12191,15370,0.10416666666666667
12197,10397,0.2545454545454545
12197,11433,0.06896551724137931
12197,11697,0.2
12197,13204,0.11320754716981132
12197,13930,0.17708333333333334
12197,14027,0.2222222222222222
12197,14635,0.16666666666666666
12197,15304,0.16666666666666666
12206,10423,0.0
12206,12191,0.10714285714285714
12206,12266,0.045454545454545456
12217,10397,0.0410958904109589
12217,11298,0.0
12217,12266,0.10204081632653061
12217,13930,0.1111111111111111
12255,11292,0.13333333333333333
12264,10397,0.09848484848484848
12264,10721,0.16535433070866143
12264,11042,0.0
12264,11057,0.0
12264,11193,0.125
12264,11292,0.09696969696969697
12264,11298,0.125
12264,11433,0.02631578947368421
12264,11618,0.3333333333333333
12264,12173,0.3333333333333333
12264,12266,0.1111111111111111
12264,12478,0.1568627450980392
12264,12889,0.15492957746478872
12264,12892,0.07804878048780488
12264,13204,0.16666666666666666
12264,13232,0.23684210526315788
12264,13244,0.125
12264,13303,0.12244897959183673
12264,13487,0.1568627450980392
12264,13495,0.1111111111111111
12264,13930,0.0989010989010989
12264,14057,0.2777777777777778
12264,14107,0.16666666666666666
12264,14492,0.0625
12264,14679,0.09259259259259259
12264,14747,0.1323529411764706
12264,14771,0.09004739336492891
12264,14893,0.2222222222222222
12264,15304,0.12244897959183673
12265,11697,0.0
12265,13577,0.2857142857142857
12266,10140,0.05263157894736842
12266,10185,0.14285714285714285
12266,10279,0.0784313725490196
12266,10397,0.12612612612612611
12266,10423,0.06944444444444445
12266,10599,0.0975609756097561
12266,10693,0.1076923076923077
12266,10713,0.1111111111111111
12266,10721,0.06818181818181818
12266,10747,0.04838709677419355
12266,10781,0.06818181818181818
12266,10821,0.18032786885245902
12266,10868,0.07142857142857142
12266,10994,0.25
12266,11042,0.15873015873015872
12266,11049,0.06666666666666667
12266,11057,0.08917197452229299
12266,11066,0.1276595744680851
12266,11109,0.12244897959183673
12266,11140,0.07692307692307693
12266,11146,0.13333333333333333
12266,11193,0.31746031746031744
12266,11278,0.12844036697247707
12266,11292,0.06611570247933884
12266,11298,0.12435233160621761
12266,11423,0.3333333333333333
12266,11433,0.1893939393939394
12266,11481,0.05555555555555555
12266,11540,0.13725490196078433
12266,11618,0.15517241379310345
12266,11697,0.125
12266,11921,0.05555555555555555
12266,11973,0.19696969696969696
12266,11982,0.08888888888888889
12266,11986,0.25
12266,11996,0.15217391304347827
12266,12173,0.16666666666666666
12266,12177,0.0967741935483871
12266,12206,0.10606060606060606
12266,12217,0.16666666666666666
12266,12264,0.05263157894736842
12266,12278,0.09090909090909091
12266,12339,0.16666666666666666
12266,12389,0.2
12266,12448,0.05504587155963303
12266,12451,0.16666666666666666
12266,12889,0.1437908496732026
12266,12892,0.1950207468879668
12266,12896,0.16417910447761194
12266,12915,0.04838709677419355
12266,12945,0.15789473684210525
12266,12951,0.13
12266,12953,0.10655737704918032
12266,12992,0.050505050505050504
12266,13061,0.14583333333333334
12266,13158,0.08333333333333333
12266,13198,0.11494252873563218
12266,13204,0.10810810810810811
12266,13244,0.13333333333333333
12266,13256,0.058823529411764705
12266,13303,0.0784313725490196
12266,13342,0.12121212121212122
12266,13377,0.1276595744680851
12266,13422,0.07792207792207792
12266,13487,0.10638297872340426
12266,13495,0.12637362637362637
12266,13796,0.1111111111111111
12266,13851,0.08823529411764706
12266,13871,0.10144927536231885
12266,13891,0.15151515151515152
12266,13930,0.14056224899598393
12266,13931,0.11764705882352941
12266,14027,0.125
12266,14057,0.030303030303030304
12266,14100,0.1652892561983471
12266,14107,0.10493827160493827
12266,14108,0.16666666666666666
12266,14122,0.05555555555555555
12266,14193,0.14705882352941177
12266,14492,0.1
12266,14524,0.3
12266,14635,0.1
12266,14679,0.07766990291262135
12266,14683,0.16260162601626016
12266,14685,0.0
12266,14730,0.09523809523809523
12266,14747,0.09183673469387756
12266,14771,0.13333333333333333
12266,14814,0.12698412698412698
12266,14831,0.09090909090909091
12266,14843,0.045454545454545456
12266,14869,0.12380952380952381
12266,14893,0.09090909090909091
12266,14908,0.024691358024691357
12266,15016,0.14035087719298245
12266,15304,0.14285714285714285
12266,15370,0.17307692307692307
12266,15376,0.08571428571428572
12266,15411,0.1111111111111111
12266,15412,0.11764705882352941
12266,15624,0.08333333333333333
12266,15919,0.07462686567164178
12278,10397,0.07407407407407407
12278,11259,0.0
12278,11292,0.08928571428571429
12278,11298,0.08571428571428572
12278,12266,0.058823529411764705
12278,12889,0.0
12278,13232,0.06060606060606061
12278,13487,0.14285714285714285
12278,13930,0.06422018348623854
12280,11292,0.19607843137254902
12280,14869,0.045454545454545456
12323,10397,0.11494252873563218
12323,11057,0.10526315789473684
12335,13487,0.05555555555555555
12335,14520,0.06666666666666667
12339,10397,0.08450704225352113
12339,10721,0.36363636363636365
12339,10821,0.11764705882352941
12339,11057,0.18181818181818182
12339,11259,0.0
12339,11278,0.13725490196078433
12339,11292,0.09166666666666666
12339,11298,0.09302325581395349
12339,11433,0.06060606060606061
12339,11618,0.3
12339,12191,0.06060606060606061
12339,12266,0.13333333333333333
12339,12889,0.06
12339,12892,0.0
12339,13198,0.030303030303030304
12339,13204,0.16666666666666666
12339,13487,0.06521739130434782
12339,13930,0.0995260663507109
12339,14100,0.18518518518518517
12339,14107,0.03508771929824561
12339,14492,0.06666666666666667
12339,14635,0.2222222222222222
12339,14771,0.1111111111111111
12339,15304,0.09090909090909091
12343,12129,0.0
12343,13487,0.08333333333333333
12389,11292,0.10606060606060606
12389,12266,0.06666666666666667
12389,13487,0.10869565217391304
12391,10821,0.08045977011494253
12391,11697,0.05555555555555555
12391,13204,0.12962962962962962
12391,14027,0.2222222222222222
12391,15304,0.1111111111111111
12402,12173,0.06995884773662552
12402,12892,0.07692307692307693
12402,13830,0.027777777777777776
12441,11292,0.2222222222222222
12441,11298,0.0
12441,13930,0.0
12441,14869,0.0392156862745098
12448,10397,0.03333333333333333
12448,11298,0.07627118644067797
12448,12266,0.027777777777777776
12448,13930,0.0
12451,10397,0.0912280701754386
12451,10693,0.0392156862745098
12451,10721,0.17647058823529413
12451,10821,0.09803921568627451
12451,11057,0.14782608695652175
12451,11278,0.05555555555555555
12451,11292,0.0
12451,11298,0.029850746268656716
12451,11433,0.06666666666666667
12451,11618,0.12
12451,11697,0.3611111111111111
12451,12191,0.16666666666666666
12451,12266,0.19230769230769232
12451,12478,0.2222222222222222
12451,12953,0.25
12451,13232,0.05555555555555555
12451,13303,0.09523809523809523
12451,13487,0.05555555555555555
12451,13930,0.24444444444444444
12451,14100,0.06666666666666667
12478,10140,0.2777777777777778
12478,10154,0.19047619047619047
12478,10397,0.18518518518518517
12478,10423,0.16091954022988506
12478,10693,0.16666666666666666
12478,10721,0.21374045801526717
12478,10732,0.2222222222222222
12478,10785,0.1388888888888889
12478,10792,0.22142857142857142
12478,10800,0.1111111111111111
12478,10821,0.2222222222222222
12478,10994,0.2236842105263158
12478,11042,0.0
12478,11057,0.1956521739130435
12478,11066,0.2222222222222222
12478,11193,0.2222222222222222
12478,11278,0.2222222222222222
12478,11292,0.27450980392156865
12478,11298,0.0
12478,11433,0.1111111111111111
12478,11697,0.2893401015228426
12478,12173,0.1875
12478,12191,0.2222222222222222
12478,12264,0.29411764705882354
12478,12451,0.2777777777777778
12478,12889,0.14622641509433962
12478,12892,0.11908396946564885
12478,12954,0.1724137931034483
12478,13204,0.2
12478,13303,0.13917525773195877
12478,13487,0.1232876712328767
12478,13495,0.08333333333333333
12478,13541,0.0
12478,13796,0.1111111111111111
12478,13930,0.3047619047619048
12478,14027,0.2916666666666667
12478,14057,0.3333333333333333
12478,14107,0.13114754098360656
12478,14122,0.07692307692307693
12478,14254,0.2222222222222222
12478,14321,0.2727272727272727
12478,14492,0.26
12478,14570,0.18181818181818182
12478,14576,0.1527777777777778
12478,14635,0.25
12478,14679,0.1346153846153846
12478,14683,0.16666666666666666
12478,14685,0.2222222222222222
12478,14747,0.24285714285714285
12478,14771,0.09941520467836257
12478,14831,0.16666666666666666
12478,14843,0.18686868686868688
12478,14869,0.13953488372093023
12478,14893,0.0
12478,14986,0.1111111111111111
12478,15024,0.35714285714285715
12478,15096,0.323943661971831
12478,15304,0.19540229885057472
12511,11298,0.0
12519,11292,0.06666666666666667
12519,11447,0.10714285714285714
12523,10299,0.21568627450980393
12523,12819,0.16666666666666666
12523,14256,0.2777777777777778
12523,14747,0.21153846153846154
12523,14828,0.16666666666666666
12523,15991,0.16666666666666666
12758,11292,0.0
12758,12173,0.06948640483383686
12758,12892,0.09523809523809523
12758,13796,0.16666666666666666
12758,13830,0.018518518518518517
12758,14107,0.0
12758,14679,0.0
12758,14747,0.04
12758,14771,0.13513513513513514
12758,14831,0.375
12819,12523,0.23529411764705882
12819,14747,0.2692307692307692
12819,14828,0.17647058823529413
12819,15841,0.058823529411764705
12884,11433,0.18
12884,13487,0.10344827586206896
12884,13930,0.1
12888,11292,0.06896551724137931
12889,10140,0.21739130434782608
12889,10257,0.3333333333333333
12889,10279,0.0
12889,10397,0.1693548387096774
12889,10423,0.125
12889,10529,0.3888888888888889
12889,10599,0.2777777777777778
12889,10693,0.21568627450980393
12889,10713,0.1388888888888889
12889,10721,0.25
12889,10792,0.16666666666666666
12889,10800,0.15294117647058825
12889,10821,0.18604651162790697
12889,11042,0.10588235294117647
12889,11057,0.13253012048192772
12889,11066,0.1388888888888889
12889,11193,0.12962962962962962
12889,11259,0.2361111111111111
12889,11278,0.2777777777777778
12889,11292,0.18618618618618618
12889,11298,0.1834862385321101
12889,11423,0.05555555555555555
12889,11433,0.12101910828025478
12889,11540,0.2222222222222222
12889,11618,0.12173913043478261
12889,11697,0.25
12889,11721,0.16666666666666666
12889,11884,0.08333333333333333
12889,12173,0.22727272727272727
12889,12191,0.22727272727272727
12889,12264,0.22535211267605634
12889,12266,0.16774193548387098
12889,12278,0.2777777777777778
12889,12339,0.16666666666666666
12889,12478,0.1895734597156398
12889,12892,0.24772313296903462
12889,12896,0.2777777777777778
12889,12898,0.23529411764705882
12889,12954,0.2638888888888889
12889,12992,0.2777777777777778
12889,13158,0.24242424242424243
12889,13198,0.19047619047619047
12889,13204,0.058823529411764705
12889,13232,0.13836477987421383
12889,13303,0.125
12889,13342,0.18518518518518517
12889,13487,0.1346153846153846
12889,13495,0.1388888888888889
12889,13796,0.21164021164021163
12889,13851,0.3333333333333333
12889,13871,0.21568627450980393
12889,13891,0.26666666666666666
12889,13930,0.104
12889,14057,0.1527777777777778
12889,14100,0.17391304347826086
12889,14107,0.21223021582733814
12889,14122,0.1388888888888889
12889,14492,0.05555555555555555
12889,14570,0.16167664670658682
12889,14679,0.24880382775119617
12889,14683,0.208955223880597
12889,14730,0.05555555555555555
12889,14747,0.23943661971830985
12889,14771,0.2631578947368421
12889,14831,0.2
12889,14869,0.1715686274509804
12889,14893,0.1956521739130435
12889,14908,0.175
12889,15016,0.1951219512195122
12889,15304,0.25
12889,15370,0.16666666666666666
12889,15376,0.24074074074074073
12891,11298,0.0136986301369863
12892,10140,0.19607843137254902
12892,10299,0.0
12892,10372,0.16666666666666666
12892,10397,0.13897280966767372
12892,10423,0.16153846153846155
12892,10693,0.17073170731707318
12892,10713,0.1388888888888889
12892,10721,0.12096774193548387
12892,10821,0.1839080459770115
12892,11042,0.19607843137254902
12892,11057,0.19230769230769232
12892,11066,0.03225806451612903
12892,11109,0.18181818181818182
12892,11193,0.03571428571428571
12892,11259,0.15217391304347827
12892,11278,0.09259259259259259
12892,11292,0.18100890207715134
12892,11298,0.13896457765667575
12892,11433,0.14285714285714285
12892,11540,0.21568627450980393
12892,11603,0.05555555555555555
12892,11618,0.14285714285714285
12892,11638,0.15384615384615385
12892,11697,0.22727272727272727
12892,12173,0.1984732824427481
12892,12191,0.2222222222222222
12892,12264,0.11979166666666667
12892,12266,0.1623931623931624
12892,12339,0.10204081632653061
12892,12402,0.07692307692307693
12892,12478,0.1567732115677321
12892,12758,0.14285714285714285
12892,12889,0.22141560798548093
12892,12982,0.15
12892,13198,0.2727272727272727
12892,13204,0.18867924528301888
12892,13232,0.20588235294117646
12892,13244,0.0
12892,13303,0.14285714285714285
12892,13342,0.1111111111111111
12892,13476,0.2028985507246377
12892,13487,0.10119047619047619
12892,13495,0.10638297872340426
12892,13796,0.16766467065868262
12892,13830,0.12781954887218044
12892,13851,0.26666666666666666
12892,13930,0.12076271186440678
12892,14057,0.10756972111553785
12892,14100,0.13861386138613863
12892,14107,0.22305764411027568
12892,14122,0.125
12892,14262,0.2222222222222222
12892,14492,0.21428571428571427
12892,14570,0.15053763440860216
12892,14679,0.10135135135135136
12892,14683,0.10843373493975904
12892,14689,0.1839080459770115
12892,14698,0.20833333333333334
12892,14747,0.11155378486055777
12892,14771,0.2255541069100391
12892,14831,0.08646616541353383
12892,14869,0.10869565217391304
12892,14893,0.1331168831168831
12892,15016,0.18292682926829268
12892,15304,0.2222222222222222
12892,15376,0.1016949152542373
12896,10423,0.0
12896,11259,0.04597701149425287
12896,11292,0.3333333333333333
12896,11298,0.03125
12896,12266,0.09090909090909091
12896,12889,0.16666666666666666
12898,11697,0.125
12898,12889,0.0
12898,13204,0.42857142857142855
12898,13577,0.18181818181818182
12898,13930,0.2222222222222222
12915,11298,0.058823529411764705
12915,12266,0.016129032258064516
12945,10397,0.15671641791044777
12945,11298,0.0
12945,11433,0.0
12945,12266,0.1111111111111111
12945,12953,0.07142857142857142
12945,13930,0.05
12951,10397,0.2463768115942029
12951,11298,0.023255813953488372
12951,12266,0.13
12953,10397,0.12596401028277635
12953,10581,0.5
12953,10599,0.35714285714285715
12953,10693,0.2644628099173554
12953,10721,0.2331288343558282
12953,10785,0.1111111111111111
12953,10792,0.1111111111111111
12953,10868,0.10526315789473684
12953,10874,0.24242424242424243
12953,10990,0.24242424242424243
12953,11042,0.2
12953,11057,0.1796116504854369
12953,11066,0.2878787878787879
12953,11193,0.25
12953,11259,0.14925373134328357
12953,11278,0.2374429223744292
12953,11292,0.10465116279069768
12953,11298,0.17316017316017315
12953,11433,0.20276497695852536
12953,11697,0.17391304347826086
12953,11995,0.2558139534883721
12953,11996,0.0
12953,12191,0.09803921568627451
12953,12266,0.07142857142857142
12953,12451,0.5
12953,12945,0.14285714285714285
12953,13198,0.25
12953,13204,0.15384615384615385
12953,13232,0.21138211382113822
12953,13303,0.16822429906542055
12953,13342,0.09375
12953,13487,0.10526315789473684
12953,13495,0.0967741935483871
12953,13577,0.25
12953,13871,0.35714285714285715
12953,13930,0.1634980988593156
12953,14027,0.14388489208633093
12953,14100,0.0
12953,14122,0.0
12953,14492,0.21568627450980393
12953,14524,0.18382352941176472
12953,14576,0.0
12953,14635,0.2222222222222222
12953,14685,0.2857142857142857
12953,14986,0.16666666666666666
12953,15016,0.18
12953,15304,0.1414141414141414
12953,15919,0.43333333333333335
12954,10423,0.2222222222222222
12954,10721,0.2222222222222222
12954,12478,0.2413793103448276
12954,12889,0.3055555555555556
12954,13796,0.1111111111111111
12954,14057,0.2777777777777778
12954,14747,0.2777777777777778
12954,14771,0.2222222222222222
12954,14869,0.08571428571428572
12954,14893,0.1388888888888889
12982,12173,0.1527777777777778
12982,12892,0.11666666666666667
12982,13796,0.0
12982,13830,0.23809523809523808
12982,14107,0.1875
12982,14679,0.1
12982,14747,0.041666666666666664
12982,14771,0.1111111111111111
12982,14831,0.0
12992,10397,0.01904761904761905
12992,10821,0.058823529411764705
12992,11259,0.07352941176470588
12992,11292,0.09090909090909091
12992,11298,0.09803921568627451
12992,11433,0.0
12992,12266,0.09183673469387756
12992,12889,0.05555555555555555
12992,13232,0.0
12992,13930,0.08264462809917356
12992,14107,0.0
13029,10397,0.1111111111111111
13029,11292,0.1
13029,13487,0.11904761904761904
13029,13930,0.06666666666666667
13061,11298,0.043478260869565216
13061,12266,0.0851063829787234
13076,13487,0.11904761904761904
13076,13930,0.037037037037037035
13127,14869,0.03333333333333333
13158,11259,0.075
13158,11292,0.08196721311475409
13158,11298,0.0
13158,12191,0.12698412698412698
13158,12266,0.09473684210526316
13158,12889,0.06060606060606061
13184,11433,0.11764705882352941
13184,13487,0.0
13184,13930,0.12
13198,10140,0.0
13198,10397,0.031746031746031744
13198,10693,0.07936507936507936
13198,10721,0.030303030303030304
13198,10821,0.0784313725490196
13198,11057,0.14925373134328357
13198,11259,0.09401709401709402
13198,11278,0.0851063829787234
13198,11292,0.13043478260869565
13198,11298,0.07633587786259542
13198,11433,0.07246376811594203
13198,11618,0.2857142857142857
13198,12191,0.030303030303030304
13198,12266,0.12087912087912088
13198,12339,0.09090909090909091
13198,12889,0.14285714285714285
13198,12892,0.09523809523809523
13198,12953,0.16981132075471697
13198,13204,0.08333333333333333
13198,13232,0.07407407407407407
13198,13303,0.0
13198,13342,0.12121212121212122
13198,13487,0.07692307692307693
13198,13495,0.0
13198,13796,0.1111111111111111
13198,13930,0.057692307692307696
13198,14057,0.0
13198,14107,0.09278350515463918
13198,14679,0.0
13198,14747,0.0
13198,14771,0.05555555555555555
13198,14869,0.05555555555555555
13198,15016,0.07575757575757576
13198,15304,0.05555555555555555
13204,10158,0.16666666666666666
13204,10257,0.0
13204,10397,0.07847533632286996
13204,10423,0.125
13204,10529,0.1527777777777778
13204,10599,0.09090909090909091
13204,10693,0.09259259259259259
13204,10721,0.16535433070866143
13204,10732,0.2777777777777778
13204,10792,0.17543859649122806
13204,10821,0.078125
13204,10874,0.1111111111111111
13204,11042,0.16666666666666666
13204,11057,0.23076923076923078
13204,11066,0.027777777777777776
13204,11193,0.07407407407407407
13204,11259,0.037037037037037035
13204,11267,0.05555555555555555
13204,11278,0.17045454545454544
13204,11292,0.07792207792207792
13204,11298,0.03783783783783784
13204,11433,0.0763888888888889
13204,11618,0.14102564102564102
13204,11697,0.08333333333333333
13204,11721,0.16666666666666666
13204,12191,0.029411764705882353
13204,12197,0.1509433962264151
13204,12264,0.10112359550561797
13204,12266,0.06802721088435375
13204,12339,0.027777777777777776
13204,12391,0.07407407407407407
13204,12478,0.24907063197026022
13204,12889,0.16666666666666666
13204,12892,0.047619047619047616
13204,12898,0.2857142857142857
13204,12953,0.15897435897435896
13204,13198,0.08333333333333333
13204,13232,0.07407407407407407
13204,13244,0.0
13204,13296,0.1388888888888889
13204,13303,0.08641975308641975
13204,13342,0.030303030303030304
13204,13487,0.05555555555555555
13204,13495,0.09259259259259259
13204,13930,0.1111111111111111
13204,13931,0.14285714285714285
13204,13933,0.0
13204,14100,0.15315315315315314
13204,14107,0.03508771929824561
13204,14122,0.11666666666666667
13204,14254,0.16666666666666666
13204,14307,0.11363636363636363
13204,14492,0.10256410256410256
13204,14524,0.1111111111111111
13204,14576,0.16666666666666666
13204,14679,0.0
13204,14683,0.0
13204,14730,0.0
13204,14747,0.08333333333333333
13204,14771,0.027777777777777776
13204,14843,0.17088607594936708
13204,14869,0.11594202898550725
13204,15016,0.0
13204,15070,0.23529411764705882
13204,15096,0.16666666666666666
13204,15356,0.0
13230,10397,0.058823529411764705
13230,11057,0.14285714285714285
13230,11433,0.07142857142857142
13230,13930,0.07317073170731707
13232,10140,0.08333333333333333
13232,10257,0.05555555555555555
13232,10397,0.08088235294117647
13232,10423,0.09803921568627451
13232,10529,0.018518518518518517
13232,10599,0.1388888888888889
13232,10693,0.12280701754385964
13232,10721,0.10112359550561797
13232,10792,0.037037037037037035
13232,10821,0.07692307692307693
13232,10994,0.19444444444444445
13232,11042,0.16161616161616163
13232,11057,0.15151515151515152
13232,11066,0.05263157894736842
13232,11259,0.075
13232,11278,0.11764705882352941
13232,11292,0.10135135135135136
13232,11423,0.0625
13232,11433,0.07042253521126761
13232,11618,0.2727272727272727
13232,11697,0.20512820512820512
13232,11996,0.1
13232,12191,0.043859649122807015
13232,12264,0.10526315789473684
13232,12278,0.06060606060606061
13232,12451,0.2222222222222222
13232,12889,0.08227848101265822
13232,12892,0.0784313725490196
13232,12953,0.18333333333333332
13232,12992,0.0
13232,13198,0.044444444444444446
13232,13204,0.1981981981981982
13232,13244,0.0
13232,13296,0.07407407407407407
13232,13487,0.12666666666666668
13232,13495,0.0784313725490196
13232,13796,0.057971014492753624
13232,13851,0.0
13232,13871,0.11494252873563218
13232,13891,0.05555555555555555
13232,13931,0.05555555555555555
13232,14057,0.02857142857142857
13232,14100,0.1919191919191919
13232,14107,0.058333333333333334
13232,14122,0.049019607843137254
13232,14193,0.0
13232,14307,0.16666666666666666
13232,14492,0.1568627450980392
13232,14570,0.1111111111111111
13232,14576,0.12121212121212122
13232,14635,0.10256410256410256
13232,14679,0.09722222222222222
13232,14683,0.05555555555555555
13232,14730,0.07575757575757576
13232,14747,0.2962962962962963
13232,14771,0.058823529411764705
13232,14831,0.0
13232,14869,0.09803921568627451
13232,14893,0.14285714285714285
13232,14908,0.16666666666666666
13232,15016,0.13333333333333333
13232,15304,0.12962962962962962
13232,15370,0.1111111111111111
13232,15376,0.05555555555555555
13241,11298,0.0
13241,14109,0.1
13244,10397,0.06432748538011696
13244,10821,0.3333333333333333
13244,11057,0.1
13244,11193,0.15384615384615385
13244,11259,0.06060606060606061
13244,11292,0.18
13244,11298,0.06666666666666667
13244,11433,0.11627906976744186
13244,11618,0.22033898305084745
13244,12191,0.12121212121212122
13244,12264,0.125
13244,12266,0.05454545454545454
13244,12892,0.0
13244,13204,0.0
13244,13232,0.08333333333333333
13244,13487,0.06451612903225806
13244,13930,0.09154929577464789
13244,15304,0.16666666666666666
13256,11298,0.014492753623188406
13256,12266,0.04477611940298507
13264,11292,0.21212121212121213
13264,14771,0.14285714285714285
13264,14869,0.027777777777777776
13277,10397,0.14728682170542637
13277,11298,0.0392156862745098
13290,11298,0.0
13290,13930,0.05555555555555555
13296,10397,0.0
13296,10821,0.08148148148148149
13296,11433,0.13333333333333333
13296,11618,0.26666666666666666
13296,13204,0.1111111111111111
13296,13232,0.08
13296,13930,0.26666666666666666
13296,15304,0.0
13303,10397,0.06810035842293907
13303,10423,0.14285714285714285
13303,10529,0.1875
13303,10599,0.1111111111111111
13303,10693,0.0
13303,10721,0.10084033613445378
13303,10821,0.06382978723404255
13303,11042,0.09523809523809523
13303,11057,0.043478260869565216
13303,11066,0.3125
13303,11193,0.11538461538461539
13303,11278,0.17721518987341772
13303,11292,0.20833333333333334
13303,11298,0.13705583756345177
13303,11433,0.15555555555555556
13303,11618,0.1791044776119403
13303,11624,0.07142857142857142
13303,11953,0.06060606060606061
13303,12264,0.12244897959183673
13303,12266,0.08552631578947369
13303,12451,0.19047619047619047
13303,12478,0.24607329842931938
13303,12889,0.11267605633802817
13303,12892,0.14814814814814814
13303,12953,0.16875
13303,13198,0.16666666666666666
13303,13204,0.14814814814814814
13303,13487,0.058823529411764705
13303,13495,0.2222222222222222
13303,13930,0.13761467889908258
13303,14100,0.192
13303,14107,0.0
13303,14193,0.0
13303,14492,0.1111111111111111
13303,14524,0.0
13303,14679,0.0
13303,14683,0.14285714285714285
13303,14747,0.125
13303,14771,0.09259259259259259
13303,14843,0.1349206349206349
13303,15016,0.2222222222222222
13303,15024,0.2608695652173913
13303,15027,0.09090909090909091
13303,15249,0.1
13303,15304,0.09259259259259259
13303,15370,0.0
13342,10397,0.05357142857142857
13342,10721,0.15151515151515152
13342,10821,0.11764705882352941
13342,11042,0.09523809523809523
13342,11193,0.034482758620689655
13342,11259,0.0
13342,11278,0.09259259259259259
13342,11292,0.1
13342,11298,0.08064516129032258
13342,11433,0.11764705882352941
13342,11618,0.14754098360655737
13342,12266,0.18181818181818182
13342,12889,0.1111111111111111
13342,12892,0.0
13342,12953,0.15384615384615385
13342,13198,0.06060606060606061
13342,13204,0.030303030303030304
13342,13487,0.07407407407407407
13342,13930,0.14942528735632185
13342,14107,0.07352941176470588
13342,14747,0.08571428571428572
13342,14771,0.1111111111111111
13342,15016,0.06666666666666667
13342,15304,0.16666666666666666
13344,13930,0.16666666666666666
13360,10397,0.043478260869565216
13367,10397,0.1111111111111111
13367,11298,0.0196078431372549
13367,13930,0.057971014492753624
13377,10397,0.14285714285714285
13377,11298,0.058823529411764705
13377,12266,0.08695652173913043
13422,10397,0.1415929203539823
13422,11298,0.0392156862745098
13422,12266,0.04
13422,13930,0.13333333333333333
13433,11292,0.08695652173913043
13433,13487,0.0967741935483871
13459,13930,0.06666666666666667
13476,12892,0.2753623188405797
13476,14107,0.058823529411764705
13476,14771,0.08823529411764706
13485,10397,0.0392156862745098
13485,11292,0.18604651162790697
13485,11298,0.06666666666666667
13485,11433,0.09411764705882353
13485,11618,0.2222222222222222
13485,13487,0.1
13485,13930,0.07329842931937172
13485,14869,0.0
13486,11292,0.22857142857142856
13486,13487,0.0
13486,14869,0.02040816326530612
13487,10140,0.1111111111111111
13487,10141,0.13157894736842105
13487,10257,0.05555555555555555
13487,10299,0.19444444444444445
13487,10397,0.045283018867924525
13487,10408,0.0625
13487,10529,0.0625
13487,10620,0.1111111111111111
13487,10627,0.10204081632653061
13487,10631,0.1111111111111111
13487,10685,0.0
13487,10693,0.10714285714285714
13487,10713,0.09803921568627451
13487,10721,0.09375
13487,10739,0.1
13487,10821,0.11764705882352941
13487,10849,0.05555555555555555
13487,11003,0.027777777777777776
13487,11042,0.3157894736842105
13487,11057,0.04504504504504504
13487,11066,0.0
13487,11193,0.125
13487,11267,0.11764705882352941
13487,11278,0.14285714285714285
13487,11292,0.10509554140127389
13487,11298,0.10884353741496598
13487,11315,0.0
13487,11337,0.125
13487,11423,0.0
13487,11433,0.087248322147651
13487,11618,0.1836734693877551
13487,11637,0.0990990990990991
13487,11697,0.0
13487,11721,0.06060606060606061
13487,11775,0.08695652173913043
13487,11823,0.1111111111111111
13487,11884,0.08571428571428572
13487,11898,0.05660377358490566
13487,11977,0.15384615384615385
13487,11986,0.09375
13487,12003,0.05555555555555555
13487,12129,0.23333333333333334
13487,12156,0.3333333333333333
13487,12264,0.17647058823529413
13487,12266,0.2054794520547945
13487,12278,0.05714285714285714
13487,12335,0.1111111111111111
13487,12339,0.023255813953488372
13487,12343,0.0
13487,12389,0.021739130434782608
13487,12451,0.0
13487,12478,0.1388888888888889
13487,12884,0.06896551724137931
13487,12889,0.15384615384615385
13487,12892,0.11377245508982035
13487,12953,0.08771929824561403
13487,13029,0.023809523809523808
13487,13076,0.07142857142857142
13487,13184,0.0
13487,13198,0.08396946564885496
13487,13204,0.037037037037037035
13487,13232,0.09271523178807947
13487,13244,0.03225806451612903
13487,13303,0.0
13487,13342,0.05303030303030303
13487,13433,0.07936507936507936
13487,13485,0.07352941176470588
13487,13486,0.0
13487,13495,0.0
13487,13851,0.09090909090909091
13487,13871,0.13333333333333333
13487,13930,0.12112676056338029
13487,13931,0.38461538461538464
13487,14057,0.10144927536231885
13487,14100,0.14093959731543623
13487,14107,0.08585858585858586
13487,14122,0.1
13487,14252,0.05555555555555555
13487,14457,0.08
13487,14492,0.09523809523809523
13487,14520,0.027777777777777776
13487,14524,0.4444444444444444
13487,14576,0.07142857142857142
13487,14633,0.0
13487,14635,0.047619047619047616
13487,14679,0.058823529411764705
13487,14683,0.06666666666666667
13487,14696,0.10344827586206896
13487,14730,0.0
13487,14747,0.1346153846153846
13487,14771,0.08666666666666667
13487,14831,0.030303030303030304
13487,14869,0.05747126436781609
13487,14893,0.030303030303030304
13487,14908,0.04081632653061224
13487,15016,0.06164383561643835
13487,15096,0.0
13487,15304,0.0
13487,15356,0.16666666666666666
13487,15370,0.09375
13487,15919,0.1111111111111111
13495,10397,0.09415584415584416
13495,10423,0.05555555555555555
13495,10693,0.08333333333333333
13495,10721,0.16666666666666666
13495,10821,0.16666666666666666
13495,11057,0.10588235294117647
13495,11259,0.047619047619047616
13495,11278,0.14814814814814814
13495,11292,0.10101010101010101
13495,11298,0.014184397163120567
13495,11433,0.0196078431372549
13495,11618,0.18292682926829268
13495,11697,0.2
13495,12191,0.024691358024691357
13495,12264,0.1388888888888889
13495,12266,0.07317073170731707
13495,12478,0.25
13495,12889,0.08333333333333333
13495,12892,0.07216494845360824
13495,12953,0.125
13495,13198,0.2
13495,13204,0.05555555555555555
13495,13232,0.0196078431372549
13495,13303,0.1111111111111111
13495,13487,0.2631578947368421
13495,13796,0.05555555555555555
13495,13930,0.09333333333333334
13495,14100,0.2413793103448276
13495,14107,0.05555555555555555
13495,14679,0.05555555555555555
13495,14683,0.0
13495,14747,0.1111111111111111
13495,14771,0.1111111111111111
13495,14869,0.0
13495,15016,0.0
13495,15304,0.0
13541,12478,0.18181818181818182
13577,10158,0.1111111111111111
13577,10397,0.11904761904761904
13577,10721,0.058823529411764705
13577,10821,0.3333333333333333
13577,11042,0.14285714285714285
13577,11433,0.17142857142857143
13577,11697,0.1111111111111111
13577,12265,0.2857142857142857
13577,12898,0.2727272727272727
13577,12953,0.2222222222222222
13577,13930,0.2222222222222222
13577,14100,0.2222222222222222
13795,10397,0.2727272727272727
13796,10140,0.12
13796,10423,0.1111111111111111
13796,10693,0.1111111111111111
13796,10713,0.1111111111111111
13796,10800,0.14285714285714285
13796,10821,0.1111111111111111
13796,11066,0.1111111111111111
13796,11259,0.24242424242424243
13796,11292,0.17391304347826086
13796,11298,0.05555555555555555
13796,11884,0.1111111111111111
13796,12173,0.0
13796,12191,0.08333333333333333
13796,12266,0.2777777777777778
13796,12478,0.29411764705882354
13796,12758,0.0
13796,12889,0.1875
13796,12892,0.16071428571428573
13796,12954,0.09259259259259259
13796,12982,0.0
13796,13198,0.3333333333333333
13796,13232,0.07246376811594203
13796,13495,0.16666666666666666
13796,13830,0.08333333333333333
13796,13891,0.14912280701754385
13796,13930,0.0
13796,14057,0.06060606060606061
13796,14107,0.15873015873015872
13796,14679,0.15846994535519127
13796,14747,0.1368421052631579
13796,14869,0.13157894736842105
13796,14908,0.09848484848484848
13830,11292,0.0
13830,11298,0.17391304347826086
13830,12173,0.08333333333333333
13830,12402,0.0
13830,12758,0.12962962962962962
13830,12892,0.09701492537313433
13830,12982,0.25396825396825395
13830,13796,0.08333333333333333
13830,13930,0.0
13830,14057,0.04
13830,14107,0.037037037037037035
13830,14679,0.0
13830,14747,0.23333333333333334
13830,14771,0.1111111111111111
13830,14831,0.05555555555555555
13830,14893,0.05555555555555555
13851,10397,0.008620689655172414
13851,10821,0.5555555555555556
13851,11259,0.10416666666666667
13851,11292,0.10344827586206896
13851,11298,0.032467532467532464
13851,11433,0.09090909090909091
13851,11618,0.23529411764705882
13851,12191,0.06060606060606061
13851,12266,0.29411764705882354
13851,12889,0.05555555555555555
13851,12892,0.13333333333333333
13851,13232,0.0
13851,13487,0.09090909090909091
13851,13930,0.08181818181818182
13851,14107,0.16666666666666666
13851,14747,0.05555555555555555
13851,14771,0.05555555555555555
13851,14869,0.030303030303030304
13851,15016,0.18181818181818182
13871,10397,0.04597701149425287
13871,11259,0.0
13871,11292,0.11
13871,11298,0.15151515151515152
13871,11433,0.02127659574468085
13871,11618,0.3181818181818182
13871,12266,0.0625
13871,12889,0.17647058823529413
13871,12953,0.0
13871,13232,0.08045977011494253
13871,13487,0.06666666666666667
13871,13930,0.0891089108910891
13871,14107,0.05660377358490566
13871,14747,0.0
13871,14869,0.058823529411764705
13871,15016,0.058823529411764705
13873,10299,0.20689655172413793
13873,13970,0.5
13891,11292,0.2878787878787879
13891,11298,0.10344827586206896
13891,12266,0.09090909090909091
13891,12889,0.24
13891,13232,0.1111111111111111
13891,13796,0.15384615384615385
13891,14057,0.05555555555555555
13891,14107,0.12987012987012986
13891,14747,0.07547169811320754
13891,14771,0.26277372262773724
13891,14831,0.11594202898550725
13891,14869,0.0392156862745098
13891,14893,0.12612612612612611
13930,10135,0.08888888888888889
13930,10140,0.09803921568627451
13930,10257,0.15
13930,10268,0.030303030303030304
13930,10299,0.15151515151515152
13930,10397,0.14047619047619048
13930,10408,0.1625
13930,10423,0.11805555555555555
13930,10431,0.27419354838709675
13930,10434,0.12121212121212122
13930,10469,0.07246376811594203
13930,10529,0.10416666666666667
13930,10599,0.24242424242424243
13930,10627,0.05555555555555555
13930,10685,0.0392156862745098
13930,10693,0.14732142857142858
13930,10713,0.5151515151515151
13930,10721,0.1468354430379747
13930,10785,0.16666666666666666
13930,10792,0.13432835820895522
13930,10821,0.13372093023255813
13930,10849,0.26666666666666666
13930,10868,0.23333333333333334
13930,10874,0.09090909090909091
13930,10980,0.05555555555555555
13930,10990,0.12962962962962962
13930,10994,0.3088235294117647
13930,11003,0.09375
13930,11042,0.11274509803921569
13930,11057,0.045454545454545456
13930,11066,0.0821917808219178
13930,11067,0.029411764705882353
13930,11076,0.11428571428571428
13930,11109,0.2641509433962264
13930,11111,0.11428571428571428
13930,11146,0.12121212121212122
13930,11193,0.11162790697674418
13930,11203,0.09523809523809523
13930,11267,0.13414634146341464
13930,11274,0.09803921568627451
13930,11278,0.13897280966767372
13930,11292,0.13310580204778158
13930,11298,0.12345679012345678
13930,11337,0.16176470588235295
13930,11423,0.08275862068965517
13930,11433,0.0990990990990991
13930,11471,0.3333333333333333
13930,11537,0.24242424242424243
13930,11540,0.0
13930,11577,0.18181818181818182
13930,11612,0.07692307692307693
13930,11618,0.17391304347826086
13930,11637,0.14782608695652175
13930,11697,0.10112359550561797
13930,11721,0.0784313725490196
13930,11775,0.14414414414414414
13930,11823,0.0975609756097561
13930,11977,0.16447368421052633
13930,11986,0.09392265193370165
13930,11995,0.13333333333333333
13930,11996,0.15151515151515152
13930,12173,0.2777777777777778
13930,12197,0.14893617021276595
13930,12217,0.05555555555555555
13930,12264,0.18446601941747573
13930,12266,0.1593625498007968
13930,12278,0.104
13930,12339,0.0892018779342723
13930,12441,1.0
13930,12448,0.18181818181818182
13930,12451,0.09302325581395349
13930,12478,0.29523809523809524
13930,12884,0.22
13930,12889,0.1862348178137652
13930,12892,0.12
13930,12898,0.05555555555555555
13930,12945,0.11764705882352941
13930,12953,0.16226415094339622
13930,12992,0.10743801652892562
13930,13029,0.19672131147540983
13930,13076,0.05555555555555555
13930,13184,0.23529411764705882
13930,13198,0.1794871794871795
13930,13204,0.15
13930,13230,0.04878048780487805
13930,13244,0.08904109589041095
13930,13290,0.05555555555555555
13930,13296,0.3333333333333333
13930,13303,0.1643835616438356
13930,13342,0.16091954022988506
13930,13344,0.19444444444444445
13930,13367,0.07246376811594203
13930,13422,0.2
13930,13459,0.0
13930,13485,0.10471204188481675
13930,13487,0.1278409090909091
13930,13495,0.2222222222222222
13930,13577,0.3888888888888889
13930,13796,0.05555555555555555
13930,13830,0.0
13930,13851,0.18181818181818182
13930,13871,0.10576923076923077
13930,13931,0.16666666666666666
13930,14006,0.14705882352941177
13930,14027,0.125
13930,14057,0.1702127659574468
13930,14100,0.17891373801916932
13930,14107,0.08979591836734693
13930,14108,0.057971014492753624
13930,14122,0.06666666666666667
13930,14262,0.07142857142857142
13930,14307,0.21212121212121213
13930,14321,0.0
13930,14492,0.104
13930,14524,0.1
13930,14570,0.16666666666666666
13930,14574,0.1875
13930,14576,0.1509433962264151
13930,14633,0.06944444444444445
13930,14635,0.1388888888888889
13930,14679,0.10457516339869281
13930,14683,0.10144927536231885
13930,14685,0.2641509433962264
13930,14696,0.2777777777777778
13930,14711,0.16666666666666666
13930,14730,0.2222222222222222
13930,14747,0.12735849056603774
13930,14771,0.09375
13930,14783,0.05434782608695652
13930,14831,0.12121212121212122
13930,14843,0.24074074074074073
13930,14869,0.0859375
13930,14893,0.15151515151515152
13930,14908,0.1
13930,14952,0.2037037037037037
13930,14986,0.23809523809523808
13930,15016,0.10759493670886076
13930,15048,0.030303030303030304
13930,15096,0.045454545454545456
13930,15295,0.0
13930,15304,0.1282051282051282
13930,15356,0.1111111111111111
13930,15370,0.11016949152542373
13930,15376,0.03125
13930,15380,0.15384615384615385
13930,15412,0.21348314606741572
13930,15919,0.07432432432432433
13931,10397,0.08496732026143791
13931,10821,0.14492753623188406
13931,11057,0.12903225806451613
13931,11298,0.1111111111111111
13931,11433,0.0
13931,11618,0.25
13931,12266,0.1111111111111111
13931,13204,0.047619047619047616
13931,13232,0.027777777777777776
13931,13487,0.46153846153846156
13931,13930,0.19047619047619047
13933,11697,0.2222222222222222
13933,13204,0.0
13964,11292,0.25
13964,14771,0.47368421052631576
13970,10299,0.1
13970,13873,0.16666666666666666
14006,13930,0.08823529411764706
14025,11697,0.42857142857142855
14027,10397,0.05333333333333334
14027,10529,0.2777777777777778
14027,10721,0.3076923076923077
14027,10821,0.15151515151515152
14027,11057,0.10126582278481013
14027,11278,0.08
14027,11298,0.0
14027,11433,0.1111111111111111
14027,11618,0.22549019607843138
14027,12197,0.16666666666666666
14027,12266,0.0
14027,12391,0.17142857142857143
14027,12478,0.2535211267605634
14027,12953,0.12949640287769784
14027,13930,0.06451612903225806
14027,14100,0.1388888888888889
14057,10140,0.06666666666666667
14057,10299,0.0
14057,10397,0.058823529411764705
14057,10721,0.05555555555555555
14057,10800,0.04081632653061224
14057,10849,0.0
14057,11057,0.07142857142857142
14057,11259,0.0
14057,11278,0.05555555555555555
14057,11292,0.10232558139534884
14057,11298,0.05319148936170213
14057,11433,0.0
14057,11618,0.05555555555555555
14057,11638,0.1111111111111111
14057,12173,0.2926829268292683
14057,12264,0.1111111111111111
14057,12266,0.030303030303030304
14057,12478,0.19444444444444445
14057,12889,0.18439716312056736
14057,12892,0.07569721115537849
14057,12954,0.16666666666666666
14057,13198,0.0
14057,13232,0.027777777777777776
14057,13487,0.043478260869565216
14057,13796,0.0707070707070707
14057,13830,0.07692307692307693
14057,13891,0.08333333333333333
14057,13930,0.05
14057,14100,0.25
14057,14107,0.09202453987730061
14057,14262,0.0
14057,14679,0.08450704225352113
14057,14689,0.1111111111111111
14057,14747,0.1262135922330097
14057,14771,0.136986301369863
14057,14831,0.05970149253731343
14057,14869,0.07801418439716312
14057,14893,0.12121212121212122
14057,14908,0.045454545454545456
14057,15016,0.05555555555555555
14098,10397,0.1791044776119403
14100,10397,0.12044817927170869
14100,10423,0.08333333333333333
14100,10529,0.2
14100,10693,0.030303030303030304
14100,10721,0.20945945945945946
14100,10994,0.25
14100,11057,0.13068181818181818
14100,11259,0.1111111111111111
14100,11278,0.0
14100,11292,0.13709677419354838
14100,11298,0.09844559585492228
14100,11433,0.13861386138613863
14100,11697,0.23943661971830985
14100,12266,0.1328125
14100,12339,0.11904761904761904
14100,12451,0.2
14100,12889,0.17391304347826086
14100,12892,0.1485148514851485
14100,12953,0.3333333333333333
14100,13204,0.17857142857142858
14100,13232,0.1414141414141414
14100,13303,0.15873015873015872
14100,13487,0.13333333333333333
14100,13495,0.16129032258064516
14100,13577,0.05555555555555555
14100,13930,0.15755627009646303
14100,14027,0.1111111111111111
14100,14057,0.0
14100,14107,0.10077519379844961
14100,14122,0.2
14100,14307,0.16666666666666666
14100,14492,0.1896551724137931
14100,14524,0.0
14100,14635,0.08823529411764706
14100,14679,0.1111111111111111
14100,14683,0.0
14100,14747,0.25
14100,14771,0.15833333333333333
14100,14843,0.15789473684210525
14100,14869,0.13636363636363635
14100,15016,0.08333333333333333
14100,15024,0.0
14100,15304,0.13761467889908258
14107,10140,0.14563106796116504
14107,10299,0.23529411764705882
14107,10397,0.11794871794871795
14107,10423,0.10843373493975904
14107,10561,0.13157894736842105
14107,10693,0.08333333333333333
14107,10713,0.12280701754385964
14107,10721,0.24
14107,10792,0.2222222222222222
14107,10800,0.09090909090909091
14107,10821,0.24
14107,11042,0.1388888888888889
14107,11057,0.17857142857142858
14107,11066,0.15384615384615385
14107,11259,0.05747126436781609
14107,11278,0.3018867924528302
14107,11292,0.16580310880829016
14107,11298,0.08411214953271028
14107,11413,0.11764705882352941
14107,11423,0.058823529411764705
14107,11433,0.07194244604316546
14107,11540,0.16666666666666666
14107,11618,0.15702479338842976
14107,11695,0.2717391304347826
14107,11697,0.2222222222222222
14107,11884,0.1111111111111111
14107,11921,0.16981132075471697
14107,12173,0.2692307692307692
14107,12191,0.18181818181818182
14107,12264,0.05555555555555555
14107,12266,0.1375
14107,12339,0.10526315789473684
14107,12478,0.2892561983471074
14107,12758,0.23529411764705882
14107,12889,0.1618705035971223
14107,12892,0.17037037037037037
14107,12982,0.23529411764705882
14107,12992,0.0
14107,13198,0.25
14107,13204,0.19298245614035087
14107,13232,0.06504065040650407
14107,13303,0.03571428571428571
14107,13342,0.08823529411764706
14107,13476,0.11428571428571428
14107,13487,0.11616161616161616
14107,13495,0.0
14107,13796,0.10569105691056911
14107,13830,0.19230769230769232
14107,13851,0.3611111111111111
14107,13871,0.11320754716981132
14107,13891,0.06962025316455696
14107,13930,0.09387755102040816
14107,14057,0.11042944785276074
14107,14100,0.1937984496124031
14107,14122,0.09803921568627451
14107,14262,0.13333333333333333
14107,14492,0.0
14107,14570,0.10989010989010989
14107,14679,0.14233576642335766
14107,14683,0.19607843137254902
14107,14689,0.20588235294117646
14107,14698,0.05263157894736842
14107,14730,0.05555555555555555
14107,14747,0.14028776978417265
14107,14771,0.16129032258064516
14107,14831,0.09036144578313253
14107,14869,0.1232876712328767
14107,14893,0.13218390804597702
14107,14908,0.12807881773399016
14107,15016,0.08653846153846154
14107,15304,0.175
14107,15370,0.24242424242424243
14107,15376,0.21818181818181817
14107,16218,0.12745098039215685
14108,10397,0.1568627450980392
14108,11298,0.02
14108,11433,0.058823529411764705
14108,12266,0.05555555555555555
14108,13930,0.15942028985507245
14109,11298,0.0
14109,13241,0.0
14113,14869,0.030303030303030304
14122,10397,0.04891304347826087
14122,10693,0.0
14122,10721,0.09230769230769231
14122,10821,0.0784313725490196
14122,11057,0.07086614173228346
14122,11259,0.0
14122,11292,0.16666666666666666
14122,11298,0.043478260869565216
14122,11433,0.13333333333333333
14122,11618,0.1
14122,11697,0.05555555555555555
14122,12191,0.0
14122,12266,0.046511627906976744
14122,12478,0.3076923076923077
14122,12889,0.05555555555555555
14122,12892,0.0
14122,12953,0.14285714285714285
14122,13204,0.05
14122,13232,0.029411764705882353
14122,13487,0.0
14122,13930,0.06060606060606061
14122,14100,0.1509433962264151
14122,14107,0.0784313725490196
14122,14635,0.05555555555555555
14122,14771,0.05555555555555555
14122,15304,0.027777777777777776
14150,11433,0.0
14193,10397,0.09166666666666666
14193,10693,0.08333333333333333
14193,11298,0.03225806451612903
14193,12191,0.0
14193,12266,0.08955223880597014
14193,13232,0.0
14193,13303,0.0
14222,12173,0.4
14252,11292,0.1111111111111111
14252,13487,0.0
14252,14771,0.2222222222222222
14252,14869,0.041666666666666664
14254,12478,0.2222222222222222
14254,13204,0.16666666666666666
14256,12523,0.2222222222222222
14256,15841,0.2777777777777778
14262,11292,0.16666666666666666
14262,11298,0.09375
14262,12892,0.1111111111111111
14262,13930,0.0
14262,14057,0.2222222222222222
14262,14107,0.12222222222222222
14262,14747,0.125
14262,14771,0.18803418803418803
14262,14869,0.06060606060606061
14307,10397,0.0196078431372549
14307,10821,0.0915032679738562
14307,11057,0.14705882352941177
14307,11278,0.3333333333333333
14307,11433,0.021739130434782608
14307,11618,0.391304347826087
14307,11697,0.19444444444444445
14307,13204,0.13636363636363635
14307,13232,0.018518518518518517
14307,13930,0.12121212121212122
14307,14100,0.24489795918367346
14307,15304,0.06060606060606061
14321,10397,0.0784313725490196
14321,10821,0.15789473684210525
14321,11057,0.2222222222222222
14321,11278,0.0
14321,11433,0.09523809523809523
14321,11618,0.175
14321,12478,0.2727272727272727
14321,13930,0.2857142857142857
14457,11292,0.15384615384615385
14457,11298,0.07142857142857142
14457,13487,0.09615384615384616
14457,13930,0.1111111111111111
14457,14869,0.10714285714285714
14487,14771,0.1111111111111111
14489,11292,0.15151515151515152
14489,14771,0.17647058823529413
14489,14869,0.0
14492,10397,0.07352941176470588
14492,10529,0.2
14492,10693,0.09803921568627451
14492,10721,0.20930232558139536
14492,10821,0.11764705882352941
14492,11042,0.13333333333333333
14492,11057,0.09722222222222222
14492,11193,0.0
14492,11259,0.05555555555555555
14492,11292,0.09195402298850575
14492,11298,0.04597701149425287
14492,11433,0.06060606060606061
14492,11618,0.16326530612244897
14492,11697,0.1111111111111111
14492,12191,0.03571428571428571
14492,12264,0.11764705882352941
14492,12266,0.08571428571428572
14492,12478,0.2653061224489796
14492,12889,0.0
14492,12892,0.11904761904761904
14492,12953,0.2692307692307692
14492,13204,0.1282051282051282
14492,13232,0.0392156862745098
14492,13303,0.18518518518518517
14492,13487,0.06666666666666667
14492,13930,0.128
14492,14100,0.08928571428571429
14492,14107,0.05555555555555555
14492,14747,0.05555555555555555
14492,14771,0.06896551724137931
14492,15016,0.06060606060606061
14492,15304,0.12121212121212122
14492,15356,0.0
14520,12335,0.0
14520,13487,0.16666666666666666
14524,10397,0.09595959595959595
14524,10721,0.1484375
14524,11057,0.0875
14524,11298,0.0196078431372549
14524,11433,0.06
14524,11618,0.225
14524,11697,0.2222222222222222
14524,12266,0.16129032258064516
14524,12953,0.25925925925925924
14524,13204,0.05555555555555555
14524,13303,0.14285714285714285
14524,13487,0.2777777777777778
14524,13930,0.12931034482758622
14524,14100,0.0
14543,11292,0.06060606060606061
14570,11292,0.2222222222222222
14570,11298,0.1388888888888889
14570,12478,0.18181818181818182
14570,12889,0.19760479041916168
14570,12892,0.1702127659574468
14570,13232,0.2777777777777778
14570,13930,0.0
14570,14107,0.10112359550561797
14570,14679,0.08333333333333333
14570,14771,0.2916666666666667
14570,14869,0.0196078431372549
14574,10397,0.09523809523809523
14574,13930,0.16666666666666666
14576,10397,0.058823529411764705
14576,10821,0.16666666666666666
14576,11057,0.0625
14576,11433,0.1724137931034483
14576,11618,0.10526315789473684
14576,12478,0.16666666666666666
14576,12953,0.0
14576,13204,0.0
14576,13232,0.09090909090909091
14576,13487,0.14285714285714285
14576,13930,0.11650485436893204
14588,11298,0.037037037037037035
14633,10397,0.1111111111111111
14633,13487,0.2222222222222222
14633,13930,0.041666666666666664
14635,10158,0.2777777777777778
14635,10397,0.05555555555555555
14635,10529,0.2222222222222222
14635,10721,0.14084507042253522
14635,10821,0.1794871794871795
14635,11042,0.08695652173913043
14635,11057,0.0375
14635,11066,0.0
14635,11193,0.047619047619047616
14635,11278,0.2777777777777778
14635,11292,0.0
14635,11298,0.02127659574468085
14635,11433,0.12244897959183673
14635,11618,0.16981132075471697
14635,12197,0.3333333333333333
14635,12266,0.06666666666666667
14635,12339,0.05555555555555555
14635,12478,0.3055555555555556
14635,12953,0.2222222222222222
14635,13232,0.07692307692307693
14635,13487,0.0
14635,13930,0.09859154929577464
14635,14100,0.0
14635,14122,0.16666666666666666
14635,15016,0.0
14635,15356,0.0
14674,11298,0.05555555555555555
14679,10140,0.26666666666666666
14679,10397,0.0761904761904762
14679,10423,0.15151515151515152
14679,10693,0.2222222222222222
14679,10713,0.16666666666666666
14679,10721,0.11764705882352941
14679,10821,0.1111111111111111
14679,11057,0.1875
14679,11259,0.08333333333333333
14679,11292,0.08433734939759036
14679,11298,0.08045977011494253
14679,11433,0.030303030303030304
14679,11618,0.09259259259259259
14679,11638,0.0
14679,12173,0.2647058823529412
14679,12191,0.07692307692307693
14679,12264,0.09433962264150944
14679,12266,0.11764705882352941
14679,12478,0.18269230769230768
14679,12758,0.0
14679,12889,0.1674641148325359
14679,12892,0.2080536912751678
14679,12982,0.0
14679,13198,0.1111111111111111
14679,13204,0.0
14679,13232,0.06944444444444445
14679,13303,0.16666666666666666
14679,13487,0.0196078431372549
14679,13495,0.05555555555555555
14679,13796,0.10326086956521739
14679,13830,0.0
14679,13930,0.09933774834437085
14679,14057,0.041666666666666664
14679,14100,0.17647058823529413
14679,14107,0.11231884057971014
14679,14570,0.08333333333333333
14679,14683,0.12121212121212122
14679,14747,0.16447368421052633
14679,14771,0.16962025316455695
14679,14831,0.10975609756097561
14679,14869,0.04918032786885246
14679,14893,0.14583333333333334
14679,15016,0.0
14679,15376,0.22916666666666666
14683,10397,0.057692307692307696
14683,10693,0.09090909090909091
14683,10821,0.1111111111111111
14683,11057,0.13333333333333333
14683,11259,0.07878787878787878
14683,11292,0.11764705882352941
14683,11298,0.0642570281124498
14683,11433,0.15789473684210525
14683,11540,0.044444444444444446
14683,11618,0.21428571428571427
14683,12191,0.028985507246376812
14683,12266,0.030534351145038167
14683,12478,0.05555555555555555
14683,12889,0.046875
14683,12892,0.07142857142857142
14683,13204,0.0
14683,13232,0.027777777777777776
14683,13303,0.07142857142857142
14683,13495,0.0
14683,13930,0.04838709677419355
14683,14100,0.0
14683,14107,0.09803921568627451
14683,14679,0.12121212121212122
14683,14747,0.0
14683,14771,0.16666666666666666
14683,14869,0.1111111111111111
14683,15016,0.0
14683,15304,0.2222222222222222
14685,10397,0.09947643979057591
14685,10721,0.0
14685,11298,0.125
14685,11433,0.2
14685,11618,0.2631578947368421
14685,12266,0.02857142857142857
14685,12478,0.2777777777777778
14685,13930,0.07407407407407407
14689,11292,0.125
14689,12892,0.12643678160919541
14689,14057,0.1111111111111111
14689,14107,0.058823529411764705
14689,14747,0.08571428571428572
14689,14771,0.25
14696,10397,0.1
14696,11433,0.06578947368421052
14696,11618,0.0
14696,13487,0.21428571428571427
14696,13930,0.3055555555555556
14698,12892,0.2361111111111111
14698,14107,0.05
14698,14771,0.24074074074074073
14709,10299,0.0
14709,10754,0.08571428571428572
14711,13930,0.08333333333333333
14730,10397,0.0457516339869281
14730,10821,0.15384615384615385
14730,11292,0.2857142857142857
14730,11298,0.2
14730,11433,0.0
14730,11618,0.2727272727272727
14730,12266,0.16666666666666666
14730,12889,0.05555555555555555
14730,13204,0.05555555555555555
14730,13232,0.09090909090909091
14730,13487,0.09090909090909091
14730,13930,0.1111111111111111
14730,14107,0.05555555555555555
14730,15304,0.16666666666666666
14747,10140,0.16666666666666666
14747,10299,0.1413793103448276
14747,10397,0.0379746835443038
14747,10423,0.2777777777777778
14747,10693,0.1388888888888889
14747,10713,0.13333333333333333
14747,10721,0.2028985507246377
14747,10800,0.1044776119402985
14747,10821,0.1388888888888889
14747,10849,0.11764705882352941
14747,11057,0.08108108108108109
14747,11109,0.2777777777777778
14747,11259,0.1388888888888889
14747,11278,0.0
14747,11292,0.16358024691358025
14747,11298,0.06896551724137931
14747,11433,0.07692307692307693
14747,11618,0.13043478260869565
14747,11630,0.11940298507462686
14747,11638,0.1276595744680851
14747,11697,0.1111111111111111
14747,11884,0.1503267973856209
14747,12173,0.37209302325581395
14747,12264,0.08823529411764706
14747,12266,0.1188118811881188
14747,12478,0.24822695035460993
14747,12523,0.23076923076923078
14747,12758,0.5769230769230769
14747,12819,0.18867924528301888
14747,12889,0.2264808362369338
14747,12892,0.09448818897637795
14747,12954,0.19444444444444445
14747,12982,0.375
14747,13198,0.2222222222222222
14747,13204,0.0
14747,13232,0.037037037037037035
14747,13303,0.1875
14747,13342,0.11428571428571428
14747,13487,0.08280254777070063
14747,13495,0.0
14747,13796,0.14814814814814814
14747,13830,0.3389830508474576
14747,13851,0.1111111111111111
14747,13871,0.0
14747,13891,0.12962962962962962
14747,13930,0.09345794392523364
14747,14057,0.1346153846153846
14747,14100,0.2857142857142857
14747,14107,0.18050541516245489
14747,14262,0.125
14747,14492,0.1111111111111111
14747,14679,0.18421052631578946
14747,14683,0.4444444444444444
14747,14689,0.08333333333333333
14747,14771,0.18082191780821918
14747,14831,0.08695652173913043
14747,14869,0.09523809523809523
14747,14893,0.10666666666666667
14747,14908,0.07142857142857142
14747,15016,0.16666666666666666
14747,15304,0.05555555555555555
14747,15376,0.2777777777777778
14771,10140,0.1111111111111111
14771,10157,0.23880597014925373
14771,10397,0.05232558139534884
14771,10423,0.1717171717171717
14771,10561,0.1388888888888889
14771,10713,0.2463768115942029
14771,10721,0.13963963963963963
14771,10800,0.2289156626506024
14771,10821,0.05555555555555555
14771,11042,0.0
14771,11057,0.19
14771,11193,0.25
14771,11259,0.2222222222222222
14771,11278,0.1388888888888889
14771,11292,0.19927536231884058
14771,11298,0.20434782608695654
14771,11433,0.11904761904761904
14771,11603,0.14814814814814814
14771,11618,0.1366906474820144
14771,11638,0.25
14771,11697,0.20833333333333334
14771,12173,0.2717391304347826
14771,12264,0.13488372093023257
14771,12266,0.15706806282722513
14771,12339,0.16666666666666666
14771,12478,0.1695906432748538
14771,12758,0.1891891891891892
14771,12889,0.21551724137931033
14771,12892,0.24968152866242038
14771,12954,0.18518518518518517
14771,12982,0.16666666666666666
14771,13198,0.2222222222222222
14771,13204,0.16666666666666666
14771,13232,0.0196078431372549
14771,13264,0.18055555555555555
14771,13303,0.18518518518518517
14771,13342,0.1111111111111111
14771,13476,0.3125
14771,13487,0.12666666666666668
14771,13495,0.3888888888888889
14771,13830,0.19444444444444445
14771,13851,0.5
14771,13891,0.2391304347826087
14771,13930,0.1319910514541387
14771,13964,0.47368421052631576
14771,14057,0.13063063063063063
14771,14100,0.17073170731707318
14771,14107,0.1618705035971223
14771,14122,0.1111111111111111
14771,14252,0.3333333333333333
14771,14262,0.18803418803418803
14771,14487,0.3055555555555556
14771,14489,0.2549019607843137
14771,14492,0.2413793103448276
14771,14570,0.2916666666666667
14771,14679,0.13730569948186527
14771,14683,0.16666666666666666
14771,14689,0.16666666666666666
14771,14698,0.24074074074074073
14771,14747,0.1752021563342318
14771,14869,0.15606936416184972
14771,14893,0.20192307692307693
14771,14905,0.14285714285714285
14771,14908,0.1917808219178082
14771,15016,0.1568627450980392
14771,15376,0.1111111111111111
14783,10397,0.2222222222222222
14783,11292,0.16666666666666666
14783,11298,0.034482758620689655
14783,13930,0.03488372093023256
14794,11292,0.3611111111111111
14794,14869,0.08641975308641975
14814,10397,0.09243697478991597
14814,11298,0.08333333333333333
14814,12266,0.1038961038961039
14828,12523,0.19444444444444445
14828,12819,0.16666666666666666
14831,10397,0.0
14831,10423,0.030303030303030304
14831,10721,0.26666666666666666
14831,10800,0.08771929824561403
14831,11259,0.1111111111111111
14831,11292,0.12195121951219512
14831,11298,0.06896551724137931
14831,12173,0.14285714285714285
14831,12266,0.030303030303030304
14831,12478,0.23529411764705882
14831,12758,0.0
14831,12889,0.15333333333333332
14831,12892,0.16541353383458646
14831,12982,0.2
14831,13232,0.1111111111111111
14831,13487,0.0
14831,13830,0.16666666666666666
14831,13891,0.15942028985507245
14831,13930,0.06060606060606061
14831,14057,0.08148148148148149
14831,14107,0.1144578313253012
14831,14679,0.11585365853658537
14831,14747,0.1206896551724138
14831,14869,0.08045977011494253
14831,14908,0.11805555555555555
14842,11298,0.023255813953488372
14843,10397,0.1
14843,10529,0.5555555555555556
14843,10721,0.3111111111111111
14843,10821,0.19047619047619047
14843,11057,0.0
14843,11278,0.2777777777777778
14843,11298,0.029411764705882353
14843,11618,0.22857142857142856
14843,11697,0.21666666666666667
14843,12191,0.0
14843,12266,0.0
14843,12478,0.17766497461928935
14843,13204,0.20382165605095542
14843,13303,0.08
14843,13930,0.2962962962962963
14843,14100,0.10810810810810811
14843,15024,0.1111111111111111
14843,15027,0.05555555555555555
14843,15304,0.14
14869,10140,0.16
14869,10397,0.09859154929577464
14869,10423,0.15151515151515152
14869,10620,0.058823529411764705
14869,10693,0.05555555555555555
14869,10713,0.05154639175257732
14869,10721,0.1935483870967742
14869,10779,0.05714285714285714
14869,10800,0.08
14869,10821,0.0784313725490196
14869,10849,0.057692307692307696
14869,10918,0.03333333333333333
14869,11057,0.1875
14869,11097,0.05555555555555555
14869,11109,0.0
14869,11122,0.043478260869565216
14869,11193,0.030303030303030304
14869,11259,0.0
14869,11278,0.09090909090909091
14869,11292,0.14330218068535824
14869,11298,0.034722222222222224
14869,11423,0.2
14869,11433,0.09722222222222222
14869,11525,0.06666666666666667
14869,11603,0.05555555555555555
14869,11618,0.13333333333333333
14869,11638,0.041666666666666664
14869,11648,0.029411764705882353
14869,11865,0.2222222222222222
14869,11884,0.07936507936507936
14869,11921,0.06451612903225806
14869,12003,0.022727272727272728
14869,12156,0.02127659574468085
14869,12173,0.05555555555555555
14869,12266,0.0784313725490196
14869,12280,0.015151515151515152
14869,12441,0.058823529411764705
14869,12478,0.1724137931034483
14869,12889,0.15196078431372548
14869,12892,0.08058608058608059
14869,12954,0.12380952380952381
14869,13127,0.0
14869,13198,0.08333333333333333
14869,13204,0.11594202898550725
14869,13232,0.0196078431372549
14869,13264,0.027777777777777776
14869,13485,0.07692307692307693
14869,13486,0.04081632653061224
14869,13487,0.06818181818181818
14869,13495,0.1111111111111111
14869,13796,0.11403508771929824
14869,13851,0.030303030303030304
14869,13871,0.11764705882352941
14869,13891,0.058823529411764705
14869,13930,0.07194244604316546
14869,14057,0.09219858156028368
14869,14100,0.34782608695652173
14869,14107,0.1404109589041096
14869,14113,0.030303030303030304
14869,14252,0.04081632653061224
14869,14262,0.0
14869,14457,0.037037037037037035
14869,14489,0.03225806451612903
14869,14570,0.0196078431372549
14869,14679,0.056910569105691054
14869,14683,0.2222222222222222
14869,14747,0.11538461538461539
14869,14771,0.14743589743589744
14869,14794,0.0625
14869,14831,0.03488372093023256
14869,14893,0.03571428571428571
14869,14908,0.011764705882352941
14869,15016,0.030303030303030304
14869,15041,0.05714285714285714
14869,15370,0.06666666666666667
14869,15376,0.08
14869,15389,0.0392156862745098
14893,10397,0.06060606060606061
14893,10800,0.1111111111111111
14893,11057,0.3
14893,11259,0.0
14893,11292,0.12030075187969924
14893,11298,0.1
14893,12173,0.4444444444444444
14893,12264,0.05555555555555555
14893,12266,0.0625
14893,12478,0.16666666666666666
14893,12889,0.17777777777777778
14893,12892,0.18892508143322476
14893,12954,0.2222222222222222
14893,13232,0.047619047619047616
14893,13487,0.06060606060606061
14893,13830,0.16666666666666666
14893,13891,0.10526315789473684
14893,13930,0.09090909090909091
14893,14057,0.16666666666666666
14893,14107,0.17341040462427745
14893,14679,0.09722222222222222
14893,14747,0.13656387665198239
14893,14771,0.3142857142857143
14893,14869,0.012048192771084338
14893,14908,0.10526315789473684
14905,14771,0.22857142857142856
14908,10397,0.1111111111111111
14908,10423,0.16666666666666666
14908,11259,0.03333333333333333
14908,11292,0.11797752808988764
14908,11298,0.11188811188811189
14908,11618,0.06521739130434782
14908,12191,0.4444444444444444
14908,12266,0.08860759493670886
14908,12889,0.25
14908,13232,0.05555555555555555
14908,13487,0.08163265306122448
14908,13796,0.1111111111111111
14908,13930,0.11666666666666667
14908,14057,0.045454545454545456
14908,14107,0.13861386138613863
14908,14747,0.0989010989010989
14908,14771,0.20179372197309417
14908,14831,0.125
14908,14869,0.023529411764705882
14908,14893,0.07894736842105263
14952,11298,0.0
14952,13930,0.14814814814814814
14960,11298,0.014084507042253521
14986,10397,0.009615384615384616
14986,10721,0.2777777777777778
14986,12478,0.1111111111111111
14986,12953,0.2777777777777778
14986,13930,0.14285714285714285
15016,10397,0.0625
15016,10423,0.16666666666666666
15016,10693,0.030303030303030304
15016,10721,0.05555555555555555
15016,10821,0.057971014492753624
15016,11042,0.037037037037037035
15016,11057,0.1320754716981132
15016,11066,0.12121212121212122
15016,11259,0.06837606837606838
15016,11278,0.19607843137254902
15016,11292,0.13725490196078433
15016,11298,0.023076923076923078
15016,11433,0.07608695652173914
15016,11618,0.2692307692307692
15016,11697,0.2222222222222222
15016,11986,0.1111111111111111
15016,12191,0.09090909090909091
15016,12266,0.08823529411764706
15016,12889,0.05952380952380952
15016,12892,0.0759493670886076
15016,12953,0.1568627450980392
15016,13198,0.06349206349206349
15016,13204,0.09230769230769231
15016,13232,0.03333333333333333
15016,13303,0.05555555555555555
15016,13342,0.15151515151515152
15016,13487,0.06293706293706294
15016,13495,0.05555555555555555
15016,13851,0.0
15016,13871,0.11764705882352941
15016,13930,0.10256410256410256
15016,14057,0.0
15016,14100,0.25
15016,14107,0.09615384615384616
15016,14492,0.06060606060606061
15016,14635,0.16666666666666666
15016,14679,0.0
15016,14683,0.09090909090909091
15016,14747,0.16666666666666666
15016,14771,0.0392156862745098
15016,14869,0.030303030303030304
15016,15304,0.1111111111111111
15016,15370,0.0
15024,10397,0.047619047619047616
15024,10721,0.0
15024,11057,0.25
15024,11697,0.16666666666666666
15024,12478,0.07142857142857142
15024,13303,0.15217391304347827
15024,14100,0.0
15024,14843,0.1111111111111111
15027,13303,0.19047619047619047
15027,14843,0.1111111111111111
15041,14869,0.08571428571428572
15048,13930,0.09090909090909091
15070,11697,0.1111111111111111
15070,13204,0.1875
15096,10397,0.13725490196078433
15096,11057,0.030303030303030304
15096,11433,0.13333333333333333
15096,11618,0.2127659574468085
15096,12478,0.22857142857142856
15096,13204,0.1111111111111111
15096,13487,0.05555555555555555
15096,13930,0.043478260869565216
15249,10397,0.06837606837606838
15249,11298,0.05555555555555555
15249,13303,0.1
15295,13930,0.0784313725490196
15304,10158,0.05555555555555555
15304,10257,0.1111111111111111
15304,10397,0.05026455026455026
15304,10423,0.058823529411764705
15304,10529,0.05555555555555555
15304,10599,0.06060606060606061
15304,10693,0.09803921568627451
15304,10721,0.2923076923076923
15304,10792,0.16666666666666666
15304,10821,0.11428571428571428
15304,10874,0.3333333333333333
15304,11042,0.07692307692307693
15304,11057,0.0784313725490196
15304,11066,0.16666666666666666
15304,11193,0.05555555555555555
15304,11259,0.027777777777777776
15304,11278,0.08759124087591241
15304,11292,0.043010752688172046
15304,11298,0.03676470588235294
15304,11433,0.1111111111111111
15304,11618,0.17307692307692307
15304,11697,0.15151515151515152
15304,12191,0.0784313725490196
15304,12197,0.35294117647058826
15304,12264,0.16326530612244897
15304,12266,0.08333333333333333
15304,12339,0.3888888888888889
15304,12391,0.05555555555555555
15304,12478,0.1724137931034483
15304,12889,0.05555555555555555
15304,12892,0.0
15304,12953,0.12121212121212122
15304,13198,0.05555555555555555
15304,13232,0.09259259259259259
15304,13244,0.1111111111111111
15304,13296,0.05555555555555555
15304,13303,0.046296296296296294
15304,13342,0.0
15304,13487,0.0
15304,13495,0.08333333333333333
15304,13930,0.059322033898305086
15304,14100,0.1509433962264151
15304,14107,0.025
15304,14122,0.1388888888888889
15304,14307,0.09090909090909091
15304,14492,0.030303030303030304
15304,14683,0.1111111111111111
15304,14730,0.0
15304,14747,0.05555555555555555
15304,14843,0.1
15304,15016,0.027777777777777776
15304,15356,0.2
15323,10397,0.08421052631578947
15356,10397,0.2777777777777778
15356,11057,0.1111111111111111
15356,11433,0.1111111111111111
15356,11697,0.2
15356,13204,0.0
15356,13487,0.2222222222222222
15356,13930,0.0
15356,14492,0.0
15356,14635,0.0
15356,15304,0.3
15356,15497,0.125
15370,10397,0.037037037037037035
15370,11259,0.0392156862745098
15370,11292,0.15555555555555556
15370,11298,0.043478260869565216
15370,11433,0.3333333333333333
15370,12191,0.041666666666666664
15370,12266,0.038461538461538464
15370,12889,0.05555555555555555
15370,13232,0.0
15370,13303,0.0
15370,13487,0.25
15370,13930,0.03508771929824561
15370,14107,0.09090909090909091
15370,14869,0.0
15370,15016,0.05555555555555555
15376,10397,0.05555555555555555
15376,11292,0.1262135922330097
15376,11298,0.024793388429752067
15376,12266,0.07142857142857142
15376,12889,0.18518518518518517
15376,12892,0.17094017094017094
15376,13232,0.0
15376,13930,0.09375
15376,14107,0.16363636363636364
15376,14679,0.14583333333333334
15376,14747,0.0
15376,14771,0.19444444444444445
15376,14869,0.06
15380,11433,0.05263157894736842
15380,13930,0.16483516483516483
15389,14869,0.0392156862745098
15401,11298,0.16
15411,11298,0.046511627906976744
15411,12266,0.06666666666666667
15412,10397,0.10891089108910891
15412,11292,0.125
15412,11298,0.10344827586206896
15412,11433,0.0
15412,11618,0.058823529411764705
15412,12266,0.058823529411764705
15412,13930,0.12222222222222222
15497,15356,0.125
15607,10397,0.19607843137254902
15624,10397,0.056910569105691054
15624,11298,0.08235294117647059
15624,12266,0.08571428571428572
15841,12819,0.17647058823529413
15841,14256,0.11764705882352941
15919,10397,0.15151515151515152
15919,11193,0.25
15919,11292,0.43333333333333335
15919,11298,0.06504065040650407
15919,11618,0.4166666666666667
15919,12266,0.015873015873015872
15919,12953,0.2
15919,13487,0.14814814814814814
15919,13930,0.08108108108108109
15991,10926,0.16666666666666666
15991,12523,0.05555555555555555
16218,14107,0.11764705882352941
ABE,ATL,0.15447154471544716
ABE,DTW,0.21331058020477817
ABE,ORD,0.22095238095238096
ABI,DFW,0.16982152514872903
ABQ,ATL,0.07763975155279502
ABQ,BWI,0.18949771689497716
ABQ,CLT,0.05263157894736842
ABQ,DAL,0.22986708365910868
ABQ,DEN,0.1998407643312102
ABQ,DFW,0.1684856753069577
ABQ,HOU,0.16600265604249667
ABQ,IAH,0.17059639389736478
ABQ,JFK,0.2600896860986547
ABQ,LAS,0.1605058365758755
ABQ,LAX,0.18866709594333547
ABQ,MCI,0.18992248062015504
ABQ,MCO,0.17525773195876287
ABQ,MDW,0.19230769230769232
ABQ,MSP,0.11180124223602485
ABQ,OAK,0.12982998454404945
ABQ,ORD,0.2263681592039801
ABQ,PDX,0.10919540229885058
ABQ,PHX,0.21384542437174017
ABQ,SAN,0.1693227091633466
ABQ,SEA,0.0872093023255814
ABQ,SFO,0.26765799256505574
ABQ,SLC,0.04392764857881137
ABR,MSP,0.17037037037037037
ABY,ATL,0.1732394366197183
ACK,BOS,0.17391304347826086
ACK,DCA,0.2564102564102564
ACK,JFK,0.19939577039274925
ACT,DFW,0.1953562850280224
ACV,SFO,0.2294921875
ACY,ATL,0.21084337349397592
ACY,BOS,0.42777777777777776
ACY,DTW,0.41379310344827586
ACY,FLL,0.18294573643410852
ACY,MCO,0.2469879518072289
ACY,MYR,0.07806691449814127
ACY,ORD,0.4326241134751773
ACY,PBI,0.07766990291262135
ACY,RSW,0.2695417789757412
ACY,TPA,0.20522388059701493
ADK,ANC,0.41333333333333333
ADQ,ANC,0.1387434554973822
AEX,ATL,0.20463709677419356
AEX,DFW,0.2519480519480519
AEX,IAH,0.13978494623655913
AGS,ATL,0.20511482254697286
AGS,LGA,0.0
AKN,ANC,0.2222222222222222
ALB,ATL,0.1471747700394218
ALB,BWI,0.12070226773957571
ALB,CLT,0.16261682242990655
ALB,DEN,0.2222222222222222
ALB,DTW,0.13930348258706468
ALB,EWR,0.29069767441860467
ALB,FLL,0.13953488372093023
ALB,IAD,0.6666666666666666
ALB,LAS,0.17535545023696683
ALB,MCO,0.1200750469043152
ALB,MDW,0.16098484848484848
ALB,MSP,0.09271523178807947
ALB,ORD,0.19941348973607037
ALB,RSW,0.0
ALB,TPA,0.06918238993710692
ALO,ORD,0.18105263157894738
AMA,DAL,0.14735772357723578
AMA,DEN,0.1944954128440367
AMA,DFW,0.23965351299326276
AMA,IAH,0.17527173913043478
AMA,LAS,0.10294117647058823
ANC,ADK,0.10526315789473684
ANC,ADQ,0.10732984293193717
ANC,AKN,0.15873015873015872
ANC,ATL,0.16831683168316833
ANC,BET,0.11080711354309165
ANC,BRW,0.16
ANC,CDV,0.12222222222222222
ANC,DEN,0.2891566265060241
ANC,DFW,0.27350427350427353
ANC,DLG,0.05194805194805195
ANC,EWR,0.2857142857142857
ANC,FAI,0.18382352941176472
ANC,HNL,0.07981220657276995
ANC,IAH,0.3333333333333333
ANC,JNU,0.11382113821138211
ANC,KOA,0.03571428571428571
ANC,LAS,0.058823529411764705
ANC,LAX,0.09316770186335403
ANC,LGB,0.1016949152542373
ANC,MSP,0.1279527559055118
ANC,OGG,0.1
ANC,OME,0.10299003322259136
ANC,ORD,0.2792452830188679
ANC,OTZ,0.14052953156822812
ANC,PDX,0.07096774193548387
ANC,PHX,0.11221122112211221
ANC,SCC,0.125
ANC,SEA,0.09724533185431689
ANC,SFO,0.2129032258064516
ANC,SLC,0.061224489795918366
APN,DTW,0.13839285714285715
ASE,ATL,0.16049382716049382
ASE,DEN,0.25792349726775954
ASE,DFW,0.40707964601769914
ASE,IAH,0.23510971786833856
ASE,LAX,0.26813880126182965
ASE,MSP,0.3333333333333333
ASE,ORD,0.2600806451612903
ASE,SFO,0.25
ATL,ABE,0.1959731543624161
ATL,ABQ,0.12111801242236025
ATL,ABY,0.2073342736248237
ATL,ACY,0.29518072289156627
ATL,AEX,0.21026156941649898
ATL,AGS,0.18746736292428198
ATL,ALB,0.16010498687664043
ATL,ANC,0.1568627450980392
ATL,ASE,0.18292682926829268
ATL,ATW,0.1752873563218391
ATL,AUS,0.1683673469387755
ATL,AVL,0.15354330708661418
ATL,AVP,0.3283018867924528
ATL,AZO,0.15789473684210525
ATL,BDL,0.11544461778471139
ATL,BHM,0.13636363636363635
ATL,BMI,0.2913816689466484
ATL,BNA,0.13657230298393266
ATL,BOS,0.17583892617449665
ATL,BQK,0.17755681818181818
ATL,BTR,0.23907707412862053
ATL,BTV,0.2851851851851852
ATL,BUF,0.10294117647058823
ATL,BWI,0.16609662248824283
ATL,BZN,0.1506849315068493
ATL,CAE,0.16515426497277677
ATL,CAK,0.13526284701712935
ATL,CHA,0.18449682683590207
ATL,CHO,0.17880794701986755
ATL,CHS,0.11469121595703874
ATL,CID,0.2718832891246684
ATL,CLE,0.1408083441981747
ATL,CLT,0.14784117193523516
ATL,CMH,0.15001884658876743
ATL,COS,0.24899598393574296
ATL,CRW,0.2046556741028128
ATL,CSG,0.20838052095130238
ATL,CVG,0.14329580348004095
ATL,DAB,0.14769975786924938
ATL,DAL,0.12093227792436236
ATL,DAY,0.13576779026217228
ATL,DCA,0.17722982084376807
ATL,DEN,0.19497637403630938
ATL,DFW,0.16028541594152454
ATL,DHN,0.1848574237954769
ATL,DSM,0.12226512226512226
ATL,DTW,0.18184136699821474
ATL,ECP,0.15643447461629278
ATL,EGE,0.1839080459770115
ATL,ELM,0.6666666666666666
ATL,ELP,0.16847826086956522
ATL,EVV,0.18646232439335889
ATL,EWN,0.2363238512035011
ATL,EWR,0.1930164888457808
ATL,EYW,0.14186851211072665
ATL,FAR,0.2222222222222222
ATL,FAY,0.16730621642363777
ATL,FCA,0.12
ATL,FLL,0.17067545304777595
ATL,FNT,0.14743589743589744
ATL,FSD,0.29044117647058826
ATL,FSM,0.2331511839708561
ATL,FWA,0.18854415274463007
ATL,GNV,0.22384570426651082
ATL,GPT,0.14042553191489363
ATL,GRB,0.24929178470254956
ATL,GRK,0.25773195876288657
ATL,GRR,0.10634328358208955
ATL,GSO,0.1694915254237288
ATL,GSP,0.16173570019723865
ATL,GTR,0.17904509283819628
ATL,HDN,0.1951219512195122
ATL,HNL,0.2140221402214022
ATL,HOU,0.16566985645933013
ATL,HPN,0.26877470355731226
ATL,HSV,0.14625681705503224
ATL,IAD,0.1731301939058172
ATL,IAH,0.19293655984303465
ATL,ICT,0.12784810126582277
ATL,ILM,0.1437216338880484
ATL,IND,0.17398168613830123
ATL,JAC,0.06593406593406594
ATL,JAN,0.1395844432605221
ATL,JAX,0.16398172637653283
ATL,JFK,0.25344714379514116
ATL,LAN,0.3076923076923077
ATL,LAS,0.17184643510054845
ATL,LAX,0.17996904709263764
ATL,LEX,0.15048543689320387
ATL,LFT,0.17520491803278687
ATL,LGA,0.25083056478405313
ATL,LIT,0.13222632226322265
ATL,LNK,0.24714828897338403
ATL,MBS,0.26666666666666666
ATL,MCI,0.16290550070521861
ATL,MCO,0.17637271214642264
ATL,MDT,0.1297709923664122
ATL,MDW,0.16707616707616707
ATL,MEM,0.15003958828186856
ATL,MGM,0.20123664980326025
ATL,MHT,0.16296296296296298
ATL,MIA,0.1480605487228004
ATL,MKE,0.14478764478764478
ATL,MLB,0.15363385464581417
ATL,MLI,0.29827315541601257
ATL,MLU,0.19527235354573483
ATL,MOB,0.19008264462809918
ATL,MSN,0.136986301369863
ATL,MSO,0.2
ATL,MSP,0.1597526410718887
ATL,MSY,0.143046650453239
ATL,MTJ,0.13043478260869565
ATL,MYR,0.15577078288942695
ATL,OAJ,0.20915032679738563
ATL,OAK,0.5
ATL,OKC,0.14704010184595798
ATL,OMA,0.1268882175226586
ATL,ONT,0.0
ATL,ORD,0.23923904688701
ATL,ORF,0.11826967326277037
ATL,PBI,0.16299559471365638
ATL,PDX,0.11555555555555555
ATL,PHF,0.2001953125
ATL,PHL,0.1966597860761869
ATL,PHX,0.1315086782376502
ATL,PIA,0.17704011065006917
ATL,PIT,0.14006024096385541
ATL,PNS,0.14424635332252836
ATL,PVD,0.10835509138381201
ATL,PWM,0.14990859232175502
ATL,RAP,0.13333333333333333
ATL,RDU,0.13894736842105262
ATL,RIC,0.16210670314637482
ATL,ROA,0.16888519134775373
ATL,ROC,0.11378002528445007
ATL,RST,0.15298507462686567
ATL,RSW,0.15046439628482972
ATL,SAN,0.11064593301435406
ATL,SAT,0.15113782739373122
ATL,SAV,0.146875
ATL,SBN,0.19413092550790068
ATL,SCE,0.17857142857142858
ATL,SDF,0.13279857397504458
ATL,SEA,0.13315093479252166
ATL,SFO,0.1475346687211094
ATL,SGF,0.1840843720038351
ATL,SHV,0.18366093366093367
ATL,SJC,0.14545454545454545
ATL,SJU,0.13024850042844902
ATL,SLC,0.10819828408007626
ATL,SMF,0.13303769401330376
ATL,SNA,0.11913814955640051
ATL,SRQ,0.12015257469802924
ATL,STL,0.1408255289628859
ATL,STT,0.07276119402985075
ATL,STX,0.06060606060606061
ATL,SYR,0.15374841168996187
ATL,TLH,0.1695906432748538
ATL,TPA,0.17447183098591548
ATL,TRI,0.15699873896595207
ATL,TTN,0.3346153846153846
ATL,TUL,0.1462225832656377
ATL,TUS,0.13717693836978131
ATL,TVC,0.2727272727272727
ATL,TYS,0.1561822125813449
ATL,VLD,0.20132450331125828
ATL,VPS,0.12829131652661063
ATL,XNA,0.17546583850931677
ATW,ATL,0.10919540229885058
ATW,DTW,0.13624678663239073
ATW,MSP,0.28641975308641976
ATW,ORD,0.2077922077922078
AUS,ATL,0.13766132186155652
AUS,BNA,0.08806262230919765
AUS,BOS,0.3102189781021898
AUS,BWI,0.20076481835564053
AUS,CLT,0.15770609318996415
AUS,DAL,0.16756585211044114
AUS,DCA,0.09737827715355805
AUS,DEN,0.21483375959079284
AUS,DFW,0.13614522156967432
AUS,DTW,0.11858974358974358
AUS,ELP,0.16522988505747127
AUS,EWR,0.16620111731843576
AUS,FLL,0.19237147595356552
AUS,HOU,0.18780727630285152
AUS,HRL,0.1532567049808429
AUS,IAD,0.05434782608695652
AUS,IAH,0.17965496728138014
AUS,JFK,0.1602814698983581
AUS,LAS,0.1407563025210084
AUS,LAX,0.1679888007466169
AUS,LBB,0.20866141732283464
AUS,LGB,0.2262210796915167
AUS,MCO,0.22277227722772278
AUS,MDW,0.21621621621621623
AUS,MIA,0.11875
AUS,MSP,0.05102040816326531
AUS,MSY,0.15328467153284672
AUS,OAK,0.19708029197080293
AUS,ORD,0.18072289156626506
AUS,PDX,0.11904761904761904
AUS,PHL,0.18773946360153257
AUS,PHX,0.16601714731098988
AUS,SAN,0.15217391304347827
AUS,SEA,0.13274336283185842
AUS,SFO,0.17146212566059893
AUS,SJC,0.12857142857142856
AUS,SLC,0.05106382978723404
AUS,SNA,0.021052631578947368
AUS,STL,0.042105263157894736
AUS,TPA,0.20446096654275092
AVL,ATL,0.14868421052631578
AVL,EWR,0.211864406779661
AVL,ORD,0.1987281399046105
AVP,ATL,0.09398496240601503
AVP,DTW,0.16094986807387862
AVP,EWR,0.06666666666666667
AVP,ORD,0.2817955112219451
AZO,ATL,0.3125
AZO,DTW,0.20689655172413793
AZO,MSP,0.13095238095238096
AZO,ORD,0.17290192113245703
BDL,ATL,0.12087912087912088
BDL,BWI,0.14009111617312073
BDL,CLE,0.2265625
BDL,CLT,0.15797665369649805
BDL,CVG,0.07692307692307693
BDL,DCA,0.18773234200743494
BDL,DEN,0.16363636363636364
BDL,DFW,0.17913385826771652
BDL,DTW,0.11531531531531532
BDL,EWR,0.19540229885057472
BDL,FLL,0.1878453038674033
BDL,IAD,0.27044025157232704
BDL,LAS,0.06829268292682927
BDL,MCO,0.17620137299771166
BDL,MDW,0.16691068814055637
BDL,MIA,0.18553459119496854
BDL,MSP,0.10084033613445378
BDL,ORD,0.23623445825932504
BDL,PBI,0.32116788321167883
BDL,RDU,0.10795454545454546
BDL,RSW,0.17735849056603772
BDL,SJU,0.24661246612466126
BDL,TPA,0.16534391534391535
BET,ANC,0.1136986301369863
BFL,DEN,0.1446028513238289
BFL,IAH,0.1491442542787286
BFL,PHX,0.1442857142857143
BFL,SFO,0.19281663516068054
BGM,DTW,0.15976331360946747
BGR,DTW,0.11029411764705882
BGR,LGA,0.14705882352941177
BHM,ATL,0.12485768500948767
BHM,BWI,0.198
BHM,DAL,0.09854014598540146
BHM,DEN,0.1791044776119403
BHM,DFW,0.24
BHM,DTW,0.1931166347992352
BHM,HOU,0.17038539553752535
BHM,IAH,0.20094936708860758
BHM,LAS,0.10989010989010989
BHM,LGA,0.296398891966759
BHM,MCO,0.22160148975791433
BHM,MDW,0.17288801571709234
BHM,MIA,0.16216216216216217
BHM,ORD,0.23680823680823682
BHM,TPA,0.14285714285714285
BIL,DEN,0.14631336405529954
BIL,MSP,0.05301645338208409
BIL,ORD,0.10869565217391304
BIL,SLC,0.06077981651376147
BIS,DEN,0.17357762777242045
BIS,DFW,0.17054263565891473
BIS,MSP,0.17546709991876522
BIS,ORD,0.19771863117870722
BJI,MSP,0.09944751381215469
BLI,HNL,0.11764705882352941
BLI,LAS,0.06369426751592357
BLI,OGG,0.11538461538461539
BLI,SEA,0.13368983957219252
BMI,ATL,0.19093406593406592
BMI,DEN,0.6666666666666666
BMI,DFW,0.21104536489151873
BMI,DTW,0.11666666666666667
BMI,MCO,0.5151515151515151
BMI,MSP,0.37735849056603776
BMI,ORD,0.164804469273743
BNA,ATL,0.1548486009965504
BNA,AUS,0.19681908548707752
BNA,BOS,0.23471400394477318
BNA,BWI,0.21013513513513513
BNA,CHS,0.19855595667870035
BNA,CLE,0.17867867867867868
BNA,CLT,0.14543630892678033
BNA,CMH,0.2138728323699422
BNA,CVG,0.16216216216216217
BNA,DAL,0.16455696202531644
BNA,DCA,0.1005089058524173
BNA,DEN,0.15786240786240785
BNA,DFW,0.16552667578659372
BNA,DTW,0.15937687237866988
BNA,ECP,0.1761006289308176
BNA,EWR,0.185997171145686
BNA,FLL,0.20625
BNA,HOU,0.2
BNA,IAD,0.0625
BNA,IAH,0.18766999093381687
BNA,JAX,0.20972222222222223
BNA,JFK,0.248
BNA,LAS,0.0896358543417367
BNA,LAX,0.1870722433460076
BNA,LGA,0.28799612778315586
BNA,MCI,0.18687430478309233
BNA,MCO,0.20836891545687447
BNA,MDW,0.206575682382134
BNA,MIA,0.22448979591836735
BNA,MOB,1.0
BNA,MSP,0.15057915057915058
BNA,MSY,0.1435349940688019
BNA,OAK,0.15517241379310345
BNA,ORD,0.2296489917849141
BNA,PHL,0.2591093117408907
BNA,PHX,0.1558872305140962
BNA,PIT,0.208955223880597
BNA,PNS,0.189873417721519
BNA,RDU,0.16819973718791065
BNA,RSW,0.18
BNA,SAN,0.14814814814814814
BNA,SAT,0.1145374449339207
BNA,SEA,0.11290322580645161
BNA,SLC,0.06642066420664207
BNA,STL,0.18395303326810175
BNA,TPA,0.21881390593047034
BNA,TTN,0.5
BOI,DEN,0.1855937702790396
BOI,GEG,0.16666666666666666
BOI,IAH,0.14232209737827714
BOI,LAS,0.2196969696969697
BOI,LAX,0.19424460431654678
BOI,MDW,0.26229508196721313
BOI,MSP,0.07809847198641766
BOI,OAK,0.14849624060150377
BOI,ORD,0.20689655172413793
BOI,PDX,0.0
BOI,PHX,0.12276785714285714
BOI,SAN,0.11851851851851852
BOI,SEA,0.1119186046511628
BOI,SFO,0.2422907488986784
BOI,SLC,0.09178743961352658
BOS,ACK,0.20512820512820512
BOS,ACY,0.1878453038674033
BOS,ATL,0.17223719676549865
BOS,AUS,0.10583941605839416
BOS,BNA,0.14682539682539683
BOS,BUF,0.1492822966507177
BOS,BWI,0.18587570621468927
BOS,CAK,0.3242320819112628
BOS,CHS,0.14814814814814814
BOS,CLE,0.1302887844190732
BOS,CLT,0.18917042693509198
BOS,CMH,0.1326530612244898
BOS,CVG,0.251063829787234
BOS,DAL,0.0
BOS,DCA,0.18334146738246299
BOS,DEN,0.252092050209205
BOS,DFW,0.17424857839155158
BOS,DTW,0.1744144144144144
BOS,EWR,0.2102829162132753
BOS,FLL,0.32475131655939143
BOS,HOU,0.2103825136612022
BOS,IAD,0.1717676452217364
BOS,IAH,0.23054114158636027
BOS,IND,0.09392265193370165
BOS,JAX,0.22202166064981949
BOS,JFK,0.2465753424657534
BOS,LAS,0.29001203369434414
BOS,LAX,0.20202952029520296
BOS,LGA,0.25640132381118275
BOS,LGB,0.2579185520361991
BOS,MCI,0.16632443531827515
BOS,MCO,0.24647887323943662
BOS,MDW,0.1967654986522911
BOS,MIA,0.20140388768898487
BOS,MKE,0.20507399577167018
BOS,MSN,0.0
BOS,MSP,0.1689280868385346
BOS,MSY,0.26591760299625467
BOS,MVY,0.19047619047619047
BOS,MYR,0.12547528517110265
BOS,OAK,0.34
BOS,ORD,0.2336236274138584
BOS,PBI,0.31162407254740315
BOS,PDX,0.19489559164733178
BOS,PHL,0.17895725692813527
BOS,PHX,0.2317822651448639
BOS,PIT,0.1731374606505771
BOS,RDU,0.19854721549636803
BOS,RIC,0.21716101694915255
BOS,RSW,0.2627257799671593
BOS,SAN,0.19084967320261437
BOS,SAV,0.12781954887218044
BOS,SEA,0.2606255012028869
BOS,SFO,0.24360613810741688
BOS,SJC,0.28
BOS,SJU,0.30900243309002434
BOS,SLC,0.17659574468085107
BOS,SMF,0.4166666666666667
BOS,SRQ,0.3508771929824561
BOS,STL,0.24861878453038674
BOS,STT,0.2251655629139073
BOS,TPA,0.2304147465437788
BPT,DFW,0.2691790040376851
BQK,ATL,0.17304964539007092
BQN,EWR,0.3700440528634361
BQN,FLL,0.23703703703703705
BQN,JFK,0.17191977077363896
BQN,MCO,0.12534059945504086
BRD,INL,0.0
BRD,MSP,0.17954070981210857
BRO,DFW,0.20242424242424242
BRO,IAH,0.11173708920187793
BRW,ANC,0.10943396226415095
BRW,FAI,0.23371647509578544
BRW,SCC,0.1310344827586207
BTM,SLC,0.028089887640449437
BTR,ATL,0.2455795677799607
BTR,DCA,0.0
BTR,DFW,0.29296235679214405
BTR,IAH,0.15560276155071695
BTV,ATL,0.1259259259259259
BTV,DTW,0.24364406779661016
BTV,EWR,0.2750809061488673
BTV,IAD,0.5714285714285714
BTV,JFK,0.15318627450980393
BTV,LGA,0.30952380952380953
BTV,ORD,0.2513089005235602
BUF,ATL,0.08294573643410853
BUF,BOS,0.16076555023923444
BUF,BWI,0.185444366689993
BUF,CLT,0.14807302231237324
BUF,DTW,0.19377652050919378
BUF,EWR,0.17708333333333334
BUF,FLL,0.12087912087912088
BUF,IAD,0.2
BUF,JFK,0.179
BUF,LAS,0.10187110187110188
BUF,LGA,0.2585551330798479
BUF,MCO,0.13302034428794993
BUF,MDW,0.1686429512516469
BUF,MSP,0.11794871794871795
BUF,ORD,0.22811671087533156
BUF,PHX,0.14074074074074075
BUF,RSW,0.1038961038961039
BUF,TPA,0.0683371298405467
BUR,DEN,0.157
BUR,JFK,0.2248995983935743
BUR,LAS,0.14887640449438203
BUR,OAK,0.1488277268093782
BUR,PDX,0.08984375
BUR,PHX,0.13159609120521173
BUR,SEA,0.09112709832134293
BUR,SFO,0.23524783634933125
BUR,SJC,0.11447212336892053
BUR,SLC,0.0649546827794562
BUR,SMF,0.12337662337662338
BWI,ABQ,0.21670428893905191
BWI,ALB,0.25583090379008744
BWI,ATL,0.17611812540124117
BWI,AUS,0.23137254901960785
BWI,BDL,0.3028735632183908
BWI,BHM,0.22111553784860558
BWI,BNA,0.2347417840375587
BWI,BOS,0.23868778280542988
BWI,BUF,0.3018867924528302
BWI,CHS,0.2396593673965937
BWI,CLE,0.25500526870389884
BWI,CLT,0.20213943194393214
BWI,CMH,0.23177083333333334
BWI,CVG,0.0
BWI,DAL,0.2240566037735849
BWI,DAY,0.2127659574468085
BWI,DEN,0.23750811161583388
BWI,DFW,0.2136457615437629
BWI,DTW,0.17866258295048495
BWI,ECP,0.25
BWI,EWR,0.20454545454545456
BWI,FLL,0.24556308486608583
BWI,FNT,0.25526932084309134
BWI,GRR,0.25
BWI,GSP,0.1828358208955224
BWI,HOU,0.23985239852398524
BWI,IAH,0.25287356321839083
BWI,IND,0.26322115384615385
BWI,ISP,0.26148705096073516
BWI,JAX,0.2853982300884956
BWI,JFK,0.3545816733067729
BWI,LAS,0.24816983894582723
BWI,LAX,0.2701711491442543
BWI,LIT,0.2924901185770751
BWI,MCI,0.24537037037037038
BWI,MCO,0.24866639310627822
BWI,MDW,0.2143314139475368
BWI,MEM,0.19195046439628483
BWI,MHT,0.24786324786324787
BWI,MIA,0.19911012235817574
BWI,MKE,0.23467862481315396
BWI,MSP,0.1781609195402299
BWI,MSY,0.18840579710144928
BWI,MYR,0.23684210526315788
BWI,OAK,0.19540229885057472
BWI,OKC,0.3584905660377358
BWI,ORD,0.2746896923907178
BWI,ORF,0.2955056179775281
BWI,PBI,0.3063063063063063
BWI,PDX,0.22580645161290322
BWI,PHL,0.14285714285714285
BWI,PHX,0.1886066204772902
BWI,PIT,0.24967148488830487
BWI,PVD,0.25455465587044535
BWI,PWM,0.25534591194968553
BWI,RDU,0.2438867438867439
BWI,ROC,0.3193116634799235
BWI,RSW,0.24845360824742269
BWI,SAN,0.22126929674099485
BWI,SAT,0.22473604826546004
BWI,SDF,0.2109795479009688
BWI,SEA,0.22319859402460457
BWI,SFO,0.07860262008733625
BWI,SJU,0.25553319919517103
BWI,SLC,0.17132442284325639
BWI,STL,0.21068859198355602
BWI,TPA,0.23553477498538866
BZN,ATL,0.1095890410958904
BZN,DEN,0.18072289156626506
BZN,EWR,0.36585365853658536
BZN,IAH,0.5333333333333333
BZN,LAX,0.216
BZN,LGA,0.3
BZN,MSP,0.0993485342019544
BZN,ORD,0.16666666666666666
BZN,PDX,0.034782608695652174
BZN,SEA,0.0625
BZN,SFO,0.2275449101796407
BZN,SLC,0.06349206349206349
CAE,ATL,0.1298819255222525
CAE,DFW,0.2976190476190476
CAE,IAD,0.2918918918918919
CAE,IAH,0.22844827586206898
CAE,LGA,0.2934131736526946
CAE,ORD,0.22435897435897437
CAK,ATL,0.12128418549346016
CAK,BOS,0.16095890410958905
CAK,DCA,0.14232209737827714
CAK,DEN,0.08550185873605948
CAK,DTW,0.1259259259259259
CAK,LGA,0.20041753653444677
CAK,MCO,0.10952380952380952
CAK,ORD,0.16266944734098018
CAK,RSW,0.1417910447761194
CAK,TPA,0.14285714285714285
CDC,SLC,0.08779443254817987
CDV,ANC,0.19402985074626866
CDV,YAK,0.13805970149253732
CEC,SFO,0.24277456647398843
CHA,ATL,0.1531738730450782
CHA,DFW,0.24550898203592814
CHA,DTW,0.17447916666666666
CHA,ORD,0.2768729641693811
CHO,ATL,0.13962765957446807
CHO,LGA,0.25925925925925924
CHO,ORD,0.25308641975308643
CHS,ATL,0.07955418908531899
CHS,BNA,0.21014492753623187
CHS,BOS,0.2066420664206642
CHS,BWI,0.1851400730816078
CHS,CLE,0.0
CHS,CLT,0.09174311926605505
CHS,DAL,0.056338028169014086
CHS,DCA,0.1509433962264151
CHS,DFW,0.2754237288135593
CHS,DTW,0.10526315789473684
CHS,EWR,0.2133194588969823
CHS,HOU,0.12318840579710146
CHS,IAD,0.75
CHS,IAH,0.2086021505376344
CHS,JFK,0.2905263157894737
CHS,LGA,0.3655913978494624
CHS,MDW,0.15879828326180256
CHS,MIA,0.1606425702811245
CHS,OKC,1.0
CHS,ORD,0.24481327800829875
CID,ATL,0.20026702269692923
CID,DEN,0.2016
CID,DFW,0.2802139037433155
CID,DTW,0.21516754850088182
CID,MSP,0.28084415584415584
CID,ORD,0.19980879541108987
CIU,DTW,0.17463617463617465
CLD,LAX,0.160828025477707
CLE,ATL,0.10278745644599303
CLE,BDL,0.3203125
CLE,BNA,0.11641791044776119
CLE,BOS,0.17400135409614081
CLE,BWI,0.1935483870967742
CLE,CHS,0.0
CLE,CLT,0.08748728382502544
CLE,DCA,0.13737734165923282
CLE,DEN,0.18229166666666666
CLE,DFW,0.18455598455598454
CLE,DTW,0.19886363636363635
CLE,EWR,0.20512820512820512
CLE,FLL,0.18633540372670807
CLE,IAD,0.15561959654178675
CLE,IAH,0.13082039911308205
CLE,JFK,0.28063241106719367
CLE,LAS,0.16784452296819788
CLE,LAX,0.22044728434504793
CLE,LGA,0.2531831537708129
CLE,MCO,0.2168141592920354
CLE,MDW,0.1459170013386881
CLE,MIA,0.23076923076923078
CLE,MKE,0.13070866141732285
CLE,MSP,0.17647058823529413
CLE,MYR,0.15527950310559005
CLE,ORD,0.2041256157635468
CLE,PHL,0.32038834951456313
CLE,PHX,0.22462562396006655
CLE,RDU,0.17699115044247787
CLE,RSW,0.25663716814159293
CLE,SEA,0.304635761589404
CLE,SFO,0.17073170731707318
CLE,SJU,0.05405405405405406
CLE,STL,0.10421836228287841
CLE,TPA,0.19331742243436753
CLL,DFW,0.16493194555644516
CLL,IAH,0.09764918625678119
CLT,ABQ,0.2
CLT,ALB,0.1884328358208955
CLT,ATL,0.17485076063932217
CLT,AUS,0.19148936170212766
CLT,BDL,0.18725718725718726
CLT,BNA,0.1625124626121635
CLT,BOS,0.251644167532018
CLT,BUF,0.20404040404040405
CLT,BWI,0.22442972774098602
CLT,CHS,0.13636363636363635
CLT,CLE,0.14878542510121456
CLT,CMH,0.15
CLT,CVG,0.21951219512195122
CLT,DAB,0.6
CLT,DAL,0.07692307692307693
CLT,DCA,0.2316326530612245
CLT,DEN,0.22818791946308725
CLT,DFW,0.19440172254690866
CLT,DTW,0.14855514855514856
CLT,EWR,0.23953488372093024
CLT,FLL,0.19117647058823528
CLT,GSO,0.23809523809523808
CLT,HOU,0.2484076433121019
CLT,IAD,0.6
CLT,IAH,0.21715210355987055
CLT,ILM,0.16326530612244897
CLT,IND,0.09821428571428571
CLT,JAX,0.1859504132231405
CLT,JFK,0.2951777886020458
CLT,LAS,0.21235521235521235
CLT,LAX,0.25669781931464175
CLT,LGA,0.28602383531960995
CLT,MCI,0.19863013698630136
CLT,MCO,0.2403486924034869
CLT,MDT,0.14666666666666667
CLT,MDW,0.122
CLT,MEM,0.2631578947368421
CLT,MIA,0.2123344370860927
CLT,MSP,0.19533029612756264
CLT,MSY,0.20048899755501223
CLT,MYR,0.16666666666666666
CLT,ORD,0.2333245452148695
CLT,ORF,0.15284974093264247
CLT,PBI,0.1992217898832685
CLT,PDX,0.23529411764705882
CLT,PHL,0.24842183438544374
CLT,PHX,0.20985010706638116
CLT,PIT,0.16790859413810233
CLT,PVD,0.22469135802469137
CLT,PWM,0.26022304832713755
CLT,RDU,0.18387293830177154
CLT,RIC,0.19685767097966728
CLT,ROC,0.21025641025641026
CLT,RSW,0.20622286541244572
CLT,SAN,0.18696397941680962
CLT,SAT,0.25
CLT,SDF,0.0
CLT,SEA,0.2372159090909091
CLT,SFO,0.24304141208418195
CLT,SJU,0.1934931506849315
CLT,SLC,0.17992424242424243
CLT,SMF,0.2824858757062147
CLT,STL,0.21333333333333335
CLT,STT,0.1972318339100346
CLT,STX,0.35714285714285715
CLT,SYR,0.2536082474226804
CLT,TPA,0.18647717484926787
CLT,TTN,0.3722943722943723
CMH,ATL,0.13603637741568775
CMH,BNA,0.1377245508982036
CMH,BOS,0.12121212121212122
CMH,BWI,0.17986230636833048
CMH,CLT,0.1
CMH,DAL,0.17714285714285713
CMH,DCA,0.0847457627118644
CMH,DEN,0.23174157303370788
CMH,DFW,0.16279069767441862
CMH,DTW,0.15178571428571427
CMH,EWR,0.2660300136425648
CMH,FLL,0.12083333333333333
CMH,IAD,0.11764705882352941
CMH,IAH,0.20282413350449294
CMH,JFK,0.2601626016260163
CMH,LAS,0.1377245508982036
CMH,LAX,0.17088607594936708
CMH,LGA,0.30851063829787234
CMH,MCO,0.16374269005847952
CMH,MDW,0.18247694334650857
CMH,MIA,0.25349301397205587
CMH,MSP,0.15873015873015872
CMH,OAK,0.05660377358490566
CMH,ORD,0.23932312651087834
CMH,PHX,0.1728110599078341
CMH,RSW,0.10565110565110565
CMH,STL,0.2037037037037037
CMH,TPA,0.11992619926199262
CMI,DFW,0.1532567049808429
CMI,ORD,0.1981981981981982
CMX,ORD,0.13663366336633664
CNY,SLC,0.01951219512195122
COD,DEN,0.24414715719063546
COD,ORD,0.2222222222222222
COD,SLC,0.19784172661870503
COS,ATL,0.128
COS,DEN,0.18421052631578946
COS,DFW,0.15454545454545454
COS,IAH,0.19888734353268428
COS,LAX,0.20576923076923076
COS,ORD,0.22446236559139784
COS,SEA,0.20300751879699247
COS,SFO,0.2
COS,SLC,0.08958333333333333
COU,DFW,0.21936758893280633
COU,ORD,0.258
CPR,DEN,0.17200474495848161
CPR,SLC,0.04903417533432392
CRP,DFW,0.2893280632411067
CRP,HOU,0.1263573543928924
CRP,IAH,0.15771428571428572
CRW,ATL,0.21518987341772153
CRW,DFW,0.4057971014492754
CRW,IAH,0.3273542600896861
CRW,MYR,0.234375
CRW,ORD,0.2062780269058296
CSG,ATL,0.16308040770101925
CVG,ATL,0.12717948717948718
CVG,BDL,0.0
CVG,BNA,0.16226415094339622
CVG,BOS,0.24686192468619247
CVG,BWI,0.0
CVG,CLT,0.14634146341463414
CVG,DCA,0.4827586206896552
CVG,DEN,0.26695526695526695
CVG,DFW,0.23750734861845973
CVG,DTW,0.16666666666666666
CVG,EWR,0.1831726555652936
CVG,FLL,0.16210045662100456
CVG,GRR,0.13095238095238096
CVG,IAD,0.1388888888888889
CVG,IAH,0.28410372040586246
CVG,JFK,0.22983870967741934
CVG,LAS,0.2849056603773585
CVG,LAX,0.08520179372197309
CVG,LGA,0.26666666666666666
CVG,MCI,0.09090909090909091
CVG,MCO,0.1940928270042194
CVG,MEM,0.23684210526315788
CVG,MIA,0.23541247484909456
CVG,MKE,0.2222222222222222
CVG,MSN,0.2222222222222222
CVG,MSP,0.17491749174917492
CVG,ORD,0.24969437652811735
CVG,PHX,0.29896907216494845
CVG,PIT,0.16666666666666666
CVG,RDU,0.18181818181818182
CVG,RIC,0.0
CVG,RSW,0.20422535211267606
CVG,SAN,0.0
CVG,SEA,0.11666666666666667
CVG,SFO,0.09743589743589744
CVG,SLC,0.07476635514018691
CVG,STL,0.08163265306122448
CVG,TPA,0.08461538461538462
CVG,TTN,0.3333333333333333
CVG,XNA,0.11409395973154363
CWA,MSP,0.0
CWA,ORD,0.18265682656826568
DAB,ATL,0.11147011308562198
DAB,CLT,0.0
DAL,ABQ,0.24113475177304963
DAL,AMA,0.19735503560528994
DAL,ATL,0.15333919156414763
DAL,AUS,0.23196202531645568
DAL,BHM,0.23443223443223443
DAL,BNA,0.22809457579972184
DAL,BOS,0.18867924528301888
DAL,BWI,0.21046373365041618
DAL,CHS,0.2676056338028169
DAL,CLT,0.07692307692307693
DAL,CMH,0.20454545454545456
DAL,DCA,0.21337890625
DAL,DEN,0.18711923411662315
DAL,DTW,0.22641509433962265
DAL,ECP,0.26573426573426573
DAL,ELP,0.24446583253128007
DAL,FLL,0.23503649635036497
DAL,HOU,0.2107056936647955
DAL,IAH,0.16883116883116883
DAL,ICT,0.19206680584551147
DAL,IND,0.2914285714285714
DAL,LAS,0.14976744186046512
DAL,LAX,0.26746506986027946
DAL,LBB,0.1952
DAL,LGA,0.2981674096087172
DAL,LIT,0.24369747899159663
DAL,MAF,0.23597359735973597
DAL,MCI,0.2651775486827033
DAL,MCO,0.2097560975609756
DAL,MDW,0.19974874371859297
DAL,MEM,0.30116959064327486
DAL,MKE,0.09659090909090909
DAL,MSY,0.1839312784234462
DAL,OAK,0.16467780429594273
DAL,OKC,0.23177083333333334
DAL,OMA,0.05660377358490566
DAL,PDX,0.12571428571428572
DAL,PHL,0.03773584905660377
DAL,PHX,0.1944684528954192
DAL,PIT,0.03773584905660377
DAL,RDU,0.24528301886792453
DAL,SAN,0.1889908256880734
DAL,SAT,0.22764227642276422
DAL,SEA,0.30701754385964913
DAL,SFO,0.2697176241480039
DAL,SJC,0.24431818181818182
DAL,SLC,0.16981132075471697
DAL,SMF,0.37142857142857144
DAL,SNA,0.23349056603773585
DAL,STL,0.22502870264064295
DAL,TPA,0.2693726937269373
DAL,TUL,0.2814526588845655
DAY,ATL,0.11433926897844424
DAY,BWI,0.15398230088495576
DAY,DEN,0.1501416430594901
DAY,DFW,0.1410090556274256
DAY,DTW,0.22569444444444445
DAY,EWR,0.2596491228070175
DAY,IAD,0.5
DAY,LGA,0.2727272727272727
DAY,MCO,0.12323943661971831
DAY,MSP,0.10642570281124498
DAY,ORD,0.23043893129770993
DAY,TPA,0.23275862068965517
DBQ,ORD,0.170182841068917
DCA,ACK,0.175
DCA,ATL,0.1637065637065637
DCA,AUS,0.17293233082706766
DCA,BDL,0.19402985074626866
DCA,BNA,0.15492957746478872
DCA,BOS,0.1952528044220452
DCA,BTR,1.0
DCA,CAK,0.17490494296577946
DCA,CHS,0.20973782771535582
DCA,CLE,0.1515695067264574
DCA,CLT,0.1691065118626956
DCA,CMH,0.30057803468208094
DCA,CVG,0.5925925925925926
DCA,DAL,0.13166911404796866
DCA,DEN,0.24176857949200375
DCA,DFW,0.20007971303308092
DCA,DTW,0.17462580185317178
DCA,EWR,0.2777777777777778
DCA,FLL,0.17577319587628865
DCA,GSP,0.3333333333333333
DCA,HOU,0.10456852791878173
DCA,HPN,0.3333333333333333
DCA,HSV,0.30434782608695654
DCA,IAH,0.21195973949082297
DCA,IND,0.1311787072243346
DCA,JAX,0.16051660516605165
DCA,JFK,0.36650485436893204
DCA,LAS,0.12734082397003746
DCA,LAX,0.14956736711990112
DCA,LEX,0.5
DCA,LGA,0.24765931742675928
DCA,MCI,0.17167381974248927
DCA,MCO,0.18254573170731708
DCA,MDW,0.17430368373764601
DCA,MIA,0.2448637316561845
DCA,MKE,0.13065976714100905
DCA,MSP,0.15088757396449703
DCA,MSY,0.14084507042253522
DCA,ORD,0.21047098402018502
DCA,PBI,0.1602136181575434
DCA,PDX,0.10989010989010989
DCA,PHL,0.17333333333333334
DCA,PHX,0.19567979669631513
DCA,PIT,0.5
DCA,PNS,0.4444444444444444
DCA,PVD,0.16279069767441862
DCA,PWM,0.07142857142857142
DCA,RDU,0.42857142857142855
DCA,RSW,0.15168539325842698
DCA,SDF,0.5
DCA,SEA,0.125
DCA,SFO,0.15526802218114602
DCA,SJU,0.14814814814814814
DCA,SLC,0.12403100775193798
DCA,STL,0.13333333333333333
DCA,SYR,0.41935483870967744
DCA,TPA,0.18752865657955067
DEN,ABQ,0.2218867924528302
DEN,ALB,0.0
DEN,AMA,0.24448529411764705
DEN,ANC,0.32456140350877194
DEN,ASE,0.31125827814569534
DEN,ATL,0.17222087083434687
DEN,AUS,0.21951219512195122
DEN,BDL,0.23722627737226276
DEN,BFL,0.2556237218813906
DEN,BHM,0.2177121771217712
DEN,BIL,0.2296211251435132
DEN,BIS,0.22788461538461538
DEN,BMI,0.3333333333333333
DEN,BNA,0.18830409356725147
DEN,BOI,0.21079365079365078
DEN,BOS,0.25298081907724207
DEN,BUR,0.19665683382497542
DEN,BWI,0.2396640826873385
DEN,BZN,0.23617339312406577
DEN,CAK,0.18888888888888888
DEN,CID,0.21142857142857144
DEN,CLE,0.17647058823529413
DEN,CLT,0.16689008042895442
DEN,CMH,0.2058287795992714
DEN,COD,0.22448979591836735
DEN,COS,0.29557522123893804
DEN,CPR,0.1990521327014218
DEN,CVG,0.26717557251908397
DEN,DAL,0.21263345195729538
DEN,DAY,0.2716049382716049
DEN,DCA,0.20524835988753515
DEN,DFW,0.2472069876091814
DEN,DIK,0.23006134969325154
DEN,DRO,0.1801980198019802
DEN,DSM,0.2695214105793451
DEN,DTW,0.21841240018788163
DEN,EGE,0.6
DEN,ELP,0.22721437740693196
DEN,EUG,0.18235294117647058
DEN,EWR,0.2525647288715193
DEN,FAR,0.23046092184368738
DEN,FAT,0.22180451127819548
DEN,FCA,0.22432859399684044
DEN,FLL,0.1605911330049261
DEN,FSD,0.24777183600713013
DEN,GCC,0.1556420233463035
DEN,GEG,0.2316849816849817
DEN,GJT,0.20567375886524822
DEN,GRR,0.20105820105820105
DEN,GSO,0.1414141414141414
DEN,GTF,0.1996879875195008
DEN,GUC,0.2782258064516129
DEN,HDN,0.24074074074074073
DEN,HLN,0.26666666666666666
DEN,HNL,0.41353383458646614
DEN,HOU,0.22347949080622348
DEN,HSV,0.34265734265734266
DEN,HYS,0.1475054229934924
DEN,IAD,0.22024729520865532
DEN,IAH,0.2730985196528841
DEN,ICT,0.25735294117647056
DEN,IDA,0.2336578581363004
DEN,IND,0.21670117322291235
DEN,ISN,0.2192513368983957
DEN,JAC,0.25806451612903225
DEN,JAX,0.29347826086956524
DEN,JFK,0.2183734939759036
DEN,JMS,0.215311004784689
DEN,KOA,0.29850746268656714
DEN,LAR,0.1337719298245614
DEN,LAS,0.21054695157812195
DEN,LAX,0.2650734488050866
DEN,LBB,0.2510460251046025
DEN,LFT,0.15083798882681565
DEN,LGA,0.24670433145009416
DEN,LIH,0.2692307692307692
DEN,LIT,0.21814671814671815
DEN,LNK,0.1996996996996997
DEN,MAF,0.18721973094170405
DEN,MCI,0.20475638051044084
DEN,MCO,0.2094741416775315
DEN,MDT,0.5
DEN,MDW,0.1960252935862692
DEN,MEM,0.2538167938931298
DEN,MFR,0.25183374083129584
DEN,MIA,0.2339405560882071
DEN,MKE,0.23955773955773957
DEN,MLI,0.2388888888888889
DEN,MMH,0.375
DEN,MOT,0.19718309859154928
DEN,MSN,0.2313167259786477
DEN,MSO,0.18604651162790697
DEN,MSP,0.20577698163905062
DEN,MSY,0.21683876092136617
DEN,MTJ,0.248
DEN,OAK,0.1823587710604559
DEN,OGG,0.2925170068027211
DEN,OKC,0.21787709497206703
DEN,OMA,0.2586307782328847
DEN,ONT,0.2068230277185501
DEN,ORD,0.26425099425541315
DEN,OTH,0.14814814814814814
DEN,PBI,0.15
DEN,PDX,0.1905109489051095
DEN,PHF,0.3333333333333333
DEN,PHL,0.19840364880273662
DEN,PHX,0.1959009393680615
DEN,PIA,1.0
DEN,PIT,0.20924574209245742
DEN,PSC,0.27353463587921845
DEN,PSP,0.25894988066825775
DEN,PUB,0.14901960784313725
DEN,RAP,0.22796934865900384
DEN,RDM,0.23809523809523808
DEN,RDU,0.20398009950248755
DEN,RKS,0.1411530815109344
DEN,RNO,0.17729257641921398
DEN,RSW,0.13815789473684212
DEN,SAF,0.24825174825174826
DEN,SAN,0.18434343434343434
DEN,SAT,0.21195274496177902
DEN,SBA,0.23047619047619047
DEN,SDF,0.24561403508771928
DEN,SEA,0.2087832973362131
DEN,SFO,0.2575509248419574
DEN,SGF,0.23938223938223938
DEN,SGU,0.20668058455114824
DEN,SHV,0.18846153846153846
DEN,SJC,0.18985176738882553
DEN,SLC,0.2007168458781362
DEN,SMF,0.19588688946015423
DEN,SNA,0.16654384672070743
DEN,STL,0.2387140902872777
DEN,SUN,0.4270833333333333
DEN,TPA,0.22678018575851394
DEN,TUL,0.23267750213858
DEN,TUS,0.23652291105121293
DEN,TYS,0.2589641434262948
DEN,XNA,0.20714285714285716
DFW,ABI,0.2043360433604336
DFW,ABQ,0.20353982300884957
DFW,ACT,0.2501998401278977
DFW,AEX,0.25421530479896237
DFW,AMA,0.24593301435406698
DFW,ANC,0.3025210084033613
DFW,ASE,0.3203125
DFW,ATL,0.1808066759388039
DFW,AUS,0.19482942430703626
DFW,BDL,0.20077972709551656
DFW,BHM,0.22396856581532418
DFW,BIS,0.29850746268656714
DFW,BMI,0.2411764705882353
DFW,BNA,0.18525261720527994
DFW,BOS,0.21110210696920584
DFW,BPT,0.3063660477453581
DFW,BRO,0.23706377858002406
DFW,BTR,0.27193460490463217
DFW,BWI,0.2288659793814433
DFW,CAE,0.28888888888888886
DFW,CHA,0.2871287128712871
DFW,CHS,0.36134453781512604
DFW,CID,0.2916224814422057
DFW,CLE,0.21648690292758088
DFW,CLL,0.19473264166001597
DFW,CLT,0.1594960049170252
DFW,CMH,0.18811881188118812
DFW,CMI,0.24714828897338403
DFW,COS,0.19772727272727272
DFW,COU,0.23883495145631067
DFW,CRP,0.31911532385466035
DFW,CRW,0.35251798561151076
DFW,CVG,0.28130460104834015
DFW,DAY,0.17898832684824903
DFW,DCA,0.1877486077963405
DFW,DEN,0.2368528332653893
DFW,DRO,0.19405320813771518
DFW,DSM,0.23119777158774374
DFW,DTW,0.21028253821213524
DFW,EGE,0.2398843930635838
DFW,ELP,0.20261437908496732
DFW,EVV,0.20905923344947736
DFW,EWR,0.28235882058970513
DFW,FAR,0.18374558303886926
DFW,FAT,0.17611336032388664
DFW,FLL,0.23467520585544374
DFW,FSD,0.33432835820895523
DFW,FSM,0.251953125
DFW,FWA,0.24561403508771928
DFW,GCK,0.2153846153846154
DFW,GGG,0.18762475049900199
DFW,GJT,0.191131498470948
DFW,GPT,0.2859025032938076
DFW,GRI,0.17303822937625754
DFW,GRK,0.21206318812829106
DFW,GRR,0.28730822873082285
DFW,GSO,0.3340080971659919
DFW,GSP,0.26941747572815533
DFW,GUC,0.23300970873786409
DFW,HDN,0.17117117117117117
DFW,HNL,0.41798941798941797
DFW,HOU,0.2573344509639564
DFW,HSV,0.16666666666666666
DFW,IAD,0.20162016201620162
DFW,IAH,0.2121584280012281
DFW,ICT,0.23529411764705882
DFW,IND,0.2034294621979735
DFW,JAC,0.18100890207715134
DFW,JAN,0.267260579064588
DFW,JAX,0.21027592768791628
DFW,JFK,0.29646017699115046
DFW,JLN,0.255278310940499
DFW,LAS,0.20113636363636364
DFW,LAW,0.22156862745098038
DFW,LAX,0.2305680119581465
DFW,LBB,0.28222996515679444
DFW,LCH,0.2504258943781942
DFW,LEX,0.23983739837398374
DFW,LFT,0.23478260869565218
DFW,LGA,0.2338888888888889
DFW,LIT,0.3101010101010101
DFW,LRD,0.20918866080156404
DFW,MAF,0.29200819672131145
DFW,MCI,0.196573060447406
DFW,MCO,0.22504012841091492
DFW,MEI,0.26247288503253796
DFW,MEM,0.21408839779005526
DFW,MFE,0.1977401129943503
DFW,MGM,0.2907431551499348
DFW,MHK,0.196405648267009
DFW,MIA,0.26967435549525104
DFW,MKE,0.1782051282051282
DFW,MLI,0.24623803009575923
DFW,MLU,0.27163781624500666
DFW,MOB,0.26412614980289095
DFW,MSN,0.22287735849056603
DFW,MSP,0.2135831381733021
DFW,MSY,0.20360448124695568
DFW,MTJ,0.15789473684210525
DFW,MYR,0.11475409836065574
DFW,OAK,0.08178438661710037
DFW,OGG,0.4251781472684085
DFW,OKC,0.2416169039963252
DFW,OMA,0.19927536231884058
DFW,ONT,0.18938053097345134
DFW,ORD,0.2390135946885868
DFW,ORF,0.2123015873015873
DFW,PBI,0.22238586156111928
DFW,PDX,0.16338582677165353
DFW,PHL,0.21907394609536973
DFW,PHX,0.1813317479191439
DFW,PIA,0.21810699588477367
DFW,PIT,0.17926932880203908
DFW,PNS,0.24951267056530213
DFW,PSP,0.19736842105263158
DFW,RAP,0.23728813559322035
DFW,RDU,0.19221789883268484
DFW,RIC,0.16613418530351437
DFW,RNO,0.18357487922705315
DFW,ROW,0.20969855832241152
DFW,RSW,0.2176795580110497
DFW,SAF,0.17662337662337663
DFW,SAN,0.19767441860465115
DFW,SAT,0.19774159663865545
DFW,SAV,0.25464949928469244
DFW,SDF,0.14042553191489363
DFW,SEA,0.17073170731707318
DFW,SFO,0.23688524590163934
DFW,SGF,0.2608938547486033
DFW,SHV,0.2778402699662542
DFW,SJC,0.17224080267558528
DFW,SJT,0.19763779527559056
DFW,SJU,0.2713347921225383
DFW,SLC,0.17467948717948717
DFW,SMF,0.17992424242424243
DFW,SNA,0.14665523156089194
DFW,SPI,0.25217391304347825
DFW,SPS,0.20983935742971888
DFW,STL,0.17268292682926828
DFW,TLH,0.29343629343629346
DFW,TPA,0.21065493646138808
DFW,TUL,0.21033210332103322
DFW,TUS,0.19039351851851852
DFW,TXK,0.16378162450066577
DFW,TYR,0.24489795918367346
DFW,TYS,0.3177570093457944
DFW,VPS,0.2849083215796897
DFW,XNA,0.3218982275586049
DHN,ATL,0.2220039292730845
DIK,DEN,0.1702127659574468
DIK,MSP,0.07692307692307693
DLG,ANC,0.09090909090909091
DLH,MSP,0.1380952380952381
DLH,ORD,0.2305084745762712
DRO,DEN,0.20512820512820512
DRO,DFW,0.22152886115444617
DRO,PHX,0.09479553903345725
DSM,ATL,0.12305699481865284
DSM,DEN,0.2156448202959831
DSM,DFW,0.1916083916083916
DSM,DTW,0.1322314049586777
DSM,EWR,0.1437908496732026
DSM,IAH,0.24050632911392406
DSM,LAS,0.17712177121771217
DSM,LGA,0.0
DSM,MDW,0.14092664092664092
DSM,MSP,0.22459893048128343
DSM,ORD,0.23458833264377327
DSM,PHX,0.09090909090909091
DSM,SLC,0.1111111111111111
DTW,ABE,0.16234887737478412
DTW,ACY,0.20689655172413793
DTW,ALB,0.16790123456790124
DTW,APN,0.1492204899777283
DTW,ATL,0.18123721881390592
DTW,ATW,0.15404040404040403
DTW,AUS,0.22448979591836735
DTW,AVP,0.17287234042553193
DTW,AZO,0.2
DTW,BDL,0.17015468607825296
DTW,BGM,0.1488095238095238
DTW,BGR,0.12867647058823528
DTW,BHM,0.18929254302103252
DTW,BMI,0.20833333333333334
DTW,BNA,0.1498150431565968
DTW,BOS,0.17194244604316547
DTW,BTV,0.24050632911392406
DTW,BUF,0.15875370919881307
DTW,BWI,0.1497955010224949
DTW,CAK,0.15441176470588236
DTW,CHA,0.17134831460674158
DTW,CHS,0.09523809523809523
DTW,CID,0.18227424749163879
DTW,CIU,0.17219917012448133
DTW,CLE,0.16757741347905283
DTW,CLT,0.15236928104575165
DTW,CMH,0.14074074074074075
DTW,CVG,0.18037974683544303
DTW,DAL,0.019230769230769232
DTW,DAY,0.18213058419243985
DTW,DCA,0.1908177905308465
DTW,DEN,0.1766076421248835
DTW,DFW,0.20390153274500697
DTW,DSM,0.13725490196078433
DTW,ELM,0.20836891545687447
DTW,ERI,0.24489795918367346
DTW,ESC,0.1419068736141907
DTW,EVV,0.15855572998430142
DTW,EWR,0.21993318485523386
DTW,FLL,0.17177914110429449
DTW,FWA,0.1588089330024814
DTW,GRB,0.1685185185185185
DTW,GRR,0.19600725952813067
DTW,GSO,0.20266666666666666
DTW,GSP,0.11290322580645161
DTW,HPN,0.2923076923076923
DTW,HSV,0.19117647058823528
DTW,IAD,0.1859582542694497
DTW,IAH,0.22711058263971462
DTW,IND,0.19412724306688417
DTW,ITH,0.2
DTW,JAX,0.15283842794759825
DTW,JFK,0.27896995708154504
DTW,LAN,0.1724137931034483
DTW,LAS,0.1804857621440536
DTW,LAX,0.18214936247723132
DTW,LEX,0.16279069767441862
DTW,LGA,0.28193832599118945
DTW,LIT,0.18303571428571427
DTW,MBS,0.1791044776119403
DTW,MCI,0.20606060606060606
DTW,MCO,0.18544935805991442
DTW,MDT,0.14573991031390135
DTW,MDW,0.20333190944041007
DTW,MEM,0.13031161473087818
DTW,MHT,0.09655172413793103
DTW,MIA,0.15588547189819724
DTW,MKE,0.1415362731152205
DTW,MLI,0.185
DTW,MSN,0.16129032258064516
DTW,MSP,0.17333939945404914
DTW,MSY,0.21273885350318472
DTW,MYR,0.18598382749326145
DTW,OKC,0.24313725490196078
DTW,OMA,0.17012448132780084
DTW,ORD,0.25878114680276193
DTW,ORF,0.11264367816091954
DTW,PBI,0.15172413793103448
DTW,PDX,0.22727272727272727
DTW,PHL,0.21156138259833135
DTW,PHX,0.15298840321141838
DTW,PIA,0.125
DTW,PIT,0.2230769230769231
DTW,PLN,0.16830065359477125
DTW,PVD,0.17331288343558282
DTW,PWM,0.15577889447236182
DTW,RDU,0.15921052631578947
DTW,RIC,0.1618075801749271
DTW,ROC,0.15508021390374332
DTW,RST,0.14285714285714285
DTW,RSW,0.18770226537216828
DTW,SAN,0.16101694915254236
DTW,SAT,0.22760290556900725
DTW,SAV,0.21875
DTW,SBN,0.16820702402957485
DTW,SCE,0.08695652173913043
DTW,SDF,0.14285714285714285
DTW,SEA,0.16698779704560052
DTW,SFO,0.1724137931034483
DTW,SJU,0.35294117647058826
DTW,SLC,0.14174589455488332
DTW,SRQ,0.1774193548387097
DTW,STL,0.14936954413191075
DTW,SWF,0.3157894736842105
DTW,SYR,0.1761006289308176
DTW,TPA,0.18266978922716628
DTW,TTN,0.19230769230769232
DTW,TUL,0.2254335260115607
DTW,TVC,0.10685805422647528
DTW,TYS,0.16923076923076924
DVL,DEN,0.1348314606741573
DVL,JMS,0.10784313725490197
EAU,ORD,0.18181818181818182
ECP,ATL,0.12750885478158205
ECP,BNA,0.08403361344537816
ECP,BWI,0.1346153846153846
ECP,DAL,0.1111111111111111
ECP,HOU,0.14323607427055704
ECP,IAH,0.12009803921568628
ECP,STL,0.21951219512195122
EGE,ATL,0.1590909090909091
EGE,DEN,0.8
EGE,DFW,0.1839080459770115
EGE,EWR,0.2391304347826087
EGE,IAH,0.14285714285714285
EGE,JFK,0.21978021978021978
EGE,LAX,0.2608695652173913
EGE,MIA,0.15625
EGE,MSP,1.0
EGE,ORD,0.27380952380952384
EKO,SLC,0.0539906103286385
ELM,ATL,0.3333333333333333
ELM,DTW,0.18851756640959727
ELM,ORD,0.20754716981132076
ELP,ATL,0.13272727272727272
ELP,AUS,0.17553956834532375
ELP,DAL,0.13813229571984437
ELP,DEN,0.15818431911966988
ELP,DFW,0.166044776119403
ELP,HOU,0.15114709851551958
ELP,IAH,0.16374714394516374
ELP,LAS,0.14772727272727273
ELP,LAX,0.17774936061381075
ELP,ORD,0.21678321678321677
ELP,PHX,0.16323165704863973
ELP,SAT,0.20808383233532934
ERI,DTW,0.17346938775510204
ERI,ORD,0.2147117296222664
ESC,DTW,0.09933774834437085
EUG,DEN,0.1782178217821782
EUG,LAX,0.1272365805168986
EUG,SFO,0.18995929443690637
EUG,SLC,0.034
EVV,ATL,0.19305019305019305
EVV,DFW,0.24305555555555555
EVV,DTW,0.15070643642072212
EVV,ORD,0.22642967542503864
EWN,ATL,0.1513157894736842
EWR,ALB,0.13333333333333333
EWR,ANC,0.42857142857142855
EWR,ATL,0.1570528356761997
EWR,AUS,0.19113573407202217
EWR,AVL,0.16129032258064516
EWR,AVP,0.06666666666666667
EWR,BDL,0.14469453376205788
EWR,BNA,0.22501699524133242
EWR,BOS,0.2320744389709907
EWR,BQN,0.4177777777777778
EWR,BTV,0.19941348973607037
EWR,BUF,0.18118466898954705
EWR,BWI,0.21804511278195488
EWR,BZN,0.3953488372093023
EWR,CHS,0.1970954356846473
EWR,CLE,0.22992125984251968
EWR,CLT,0.16796762069962418
EWR,CMH,0.1856763925729443
EWR,CVG,0.19283276450511946
EWR,DAY,0.22942206654991243
EWR,DCA,0.2522603978300181
EWR,DEN,0.23198847262247838
EWR,DFW,0.19155998103366526
EWR,DSM,0.3712574850299401
EWR,DTW,0.17569060773480663
EWR,EGE,0.23655913978494625
EWR,FLL,0.23074087725764836
EWR,GRR,0.22641509433962265
EWR,GSO,0.1787974683544304
EWR,GSP,0.1991701244813278
EWR,HDN,0.38461538461538464
EWR,HNL,0.22556390977443608
EWR,HOU,0.18463810930576072
EWR,IAD,0.23374613003095976
EWR,IAH,0.2751141552511416
EWR,IND,0.17892425905598244
EWR,JAC,0.28
EWR,JAX,0.20844327176781002
EWR,LAS,0.20833333333333334
EWR,LAX,0.22785153075047412
EWR,MCI,0.22875816993464052
EWR,MCO,0.24476439790575916
EWR,MDW,0.18979151689432064
EWR,MEM,0.20318237454100369
EWR,MHT,0.20677361853832443
EWR,MIA,0.2234192037470726
EWR,MKE,0.21208530805687204
EWR,MSN,0.21484375
EWR,MSP,0.18784029038112524
EWR,MSY,0.1752136752136752
EWR,MTJ,0.3333333333333333
EWR,MYR,0.125
EWR,OKC,0.36633663366336633
EWR,OMA,0.1745635910224439
EWR,ORD,0.2730169971671388
EWR,ORF,0.19747899159663865
EWR,PBI,0.25495175215845606
EWR,PDX,0.35877862595419846
EWR,PHL,0.5
EWR,PHX,0.22677925211097708
EWR,PIT,0.19078947368421054
EWR,PVD,0.21223021582733814
EWR,PWM,0.24766355140186916
EWR,RDU,0.20652173913043478
EWR,RIC,0.2835820895522388
EWR,ROC,0.14981949458483754
EWR,RSW,0.19963536918869645
EWR,SAN,0.1917808219178082
EWR,SAT,0.2857142857142857
EWR,SAV,0.2554027504911591
EWR,SBN,0.27419354838709675
EWR,SDF,0.25440313111545987
EWR,SEA,0.18159609120521172
EWR,SFO,0.2227547931382442
EWR,SJU,0.2835332606324973
EWR,SLC,0.18181818181818182
EWR,SNA,0.15817223198594024
EWR,SRQ,0.24096385542168675
EWR,STL,0.20357142857142857
EWR,STT,0.1691542288557214
EWR,SYR,0.15902140672782875
EWR,TPA,0.24789915966386555
EWR,TUL,1.0
EWR,TVC,0.19230769230769232
EWR,TYS,0.36
EWR,XNA,0.14444444444444443
EYW,ATL,0.11343804537521815
EYW,LGA,1.0
EYW,MIA,0.15990453460620524
FAI,ANC,0.1088560885608856
FAI,MSP,0.16260162601626016
FAI,ORD,0.589041095890411
FAI,SEA,0.10776255707762557
FAR,ATL,0.07407407407407407
FAR,DEN,0.16531440162271804
FAR,DFW,0.175
FAR,MSP,0.18448023426061494
FAR,ORD,0.21199273167777105
FAR,SLC,0.0954356846473029
FAT,DEN,0.18352059925093633
FAT,DFW,0.21267893660531698
FAT,LAX,0.30745147150907953
FAT,PDX,0.18421052631578946
FAT,PHX,0.12530712530712532
FAT,SAN,0.17105263157894737
FAT,SEA,0.14937759336099585
FAT,SFO,0.23505572441742653
FAT,SLC,0.06349206349206349
FAY,ATL,0.16640986132511557
FCA,ATL,0.20833333333333334
FCA,DEN,0.14873417721518986
FCA,MSO,1.0
FCA,MSP,0.07462686567164178
FCA,ORD,0.248
FCA,SLC,0.050546448087431695
FLG,PHX,0.1452471482889734
FLL,ACY,0.26127527216174184
FLL,ALB,0.11153846153846154
FLL,ATL,0.13322314049586778
FLL,AUS,0.20364238410596028
FLL,BDL,0.29178082191780824
FLL,BNA,0.1600633914421553
FLL,BOS,0.2796957284961966
FLL,BQN,0.2867647058823529
FLL,BUF,0.18763796909492272
FLL,BWI,0.1821705426356589
FLL,CLE,0.2241112828438949
FLL,CLT,0.10539714867617107
FLL,CMH,0.2396694214876033
FLL,CVG,0.1689497716894977
FLL,DAL,0.13556851311953352
FLL,DCA,0.2130637636080871
FLL,DEN,0.1746031746031746
FLL,DFW,0.15251141552511416
FLL,DTW,0.14238566713814238
FLL,EWR,0.21225544481358435
FLL,HOU,0.09981515711645102
FLL,HPN,0.20683111954459202
FLL,IAD,0.5316455696202531
FLL,IAG,0.30344827586206896
FLL,IAH,0.15493910690121787
FLL,IND,0.1134453781512605
FLL,ISP,0.24121779859484777
FLL,JAX,0.19152854511970535
FLL,JFK,0.24992734670154024
FLL,LAS,0.14456391875746716
FLL,LAX,0.2297780959198282
FLL,LBE,0.1643835616438356
FLL,LGA,0.2797101449275362
FLL,MCI,0.11155378486055777
FLL,MCO,0.18864468864468864
FLL,MDW,0.1781115879828326
FLL,MHT,0.42857142857142855
FLL,MKE,0.14098360655737704
FLL,MSP,0.16973415132924335
FLL,MSY,0.11972789115646258
FLL,MYR,0.13183279742765272
FLL,ORD,0.23698562221120476
FLL,ORH,0.19615384615384615
FLL,PBG,0.3028571428571429
FLL,PHL,0.19468390804597702
FLL,PHX,0.0846286701208981
FLL,PIT,0.22009569377990432
FLL,PVD,0.1911532385466035
FLL,RDU,0.2222222222222222
FLL,RIC,0.34701492537313433
FLL,SEA,0.17647058823529413
FLL,SFO,0.15859938208032956
FLL,SJU,0.2003610108303249
FLL,STL,0.1346153846153846
FLL,STT,0.24705882352941178
FLL,SWF,0.23616236162361623
FLL,TPA,0.19281045751633988
FLL,TTN,0.24352331606217617
FNT,ATL,0.07188703465982028
FNT,BWI,0.10930232558139535
FNT,LAS,0.14285714285714285
FNT,MCO,0.04710144927536232
FNT,MSP,0.10632911392405063
FNT,ORD,0.1746905089408528
FNT,RSW,0.125
FNT,TPA,0.1301775147928994
FSD,ATL,0.09701492537313433
FSD,DEN,0.2310405643738977
FSD,DFW,0.2796352583586626
FSD,MSP,0.1871345029239766
FSD,ORD,0.2298636926889715
FSM,ATL,0.18115942028985507
FSM,DFW,0.1943081452404318
FWA,ATL,0.18463302752293578
FWA,DFW,0.18664047151277013
FWA,DTW,0.18359375
FWA,MSP,0.17699115044247787
FWA,ORD,0.19955156950672645
GCC,DEN,0.09514563106796116
GCC,RKS,0.041666666666666664
GCC,SLC,0.06296296296296296
GCK,DFW,0.20689655172413793
GEG,BOI,0.1543340380549683
GEG,DEN,0.11121323529411764
GEG,LAS,0.13549618320610687
GEG,LAX,0.13541666666666666
GEG,MDW,0.11290322580645161
GEG,MSP,0.1060842433697348
GEG,OAK,0.16920152091254753
GEG,PHX,0.07464607464607464
GEG,SEA,0.14384882375626687
GEG,SLC,0.09062821833161688
GFK,MSP,0.17586912065439672
GGG,DFW,0.228
GJT,DEN,0.18009478672985782
GJT,DFW,0.16899224806201552
GJT,IAH,0.1642512077294686
GJT,PHX,0.07914572864321608
GJT,SLC,0.04356435643564356
GNV,ATL,0.2129032258064516
GNV,MIA,0.17647058823529413
GPT,ATL,0.1296928327645051
GPT,DFW,0.199203187250996
GPT,IAH,0.13031161473087818
GRB,ATL,0.14245014245014245
GRB,DTW,0.12710280373831775
GRB,MSP,0.1715909090909091
GRB,ORD,0.19273229070837167
GRI,DFW,0.15587044534412955
GRK,ATL,0.19096509240246407
GRK,DFW,0.18456375838926176
GRK,IAH,0.13841368584758942
GRR,ATL,0.08426966292134831
GRR,BWI,0.15839694656488548
GRR,CVG,0.11242603550295859
GRR,DEN,0.18309859154929578
GRR,DFW,0.26874115983026875
GRR,DTW,0.13518197573656845
GRR,EWR,0.16844919786096257
GRR,IAH,0.21304347826086956
GRR,LGA,0.18012422360248448
GRR,MCO,0.15289256198347106
GRR,MSP,0.13847900113507378
GRR,ORD,0.20338208409506398
GRR,RSW,0.07608695652173914
GRR,STL,0.07279693486590039
GRR,TPA,0.0949367088607595
GSO,ATL,0.15770114942528735
GSO,CLT,0.06451612903225806
GSO,DEN,0.23232323232323232
GSO,DFW,0.24329896907216494
GSO,DTW,0.1925133689839572
GSO,EWR,0.19488817891373802
GSO,IAD,0.15254237288135594
GSO,LGA,0.305829596412556
GSO,MIA,0.14583333333333334
GSO,ORD,0.15258855585831063
GSP,ATL,0.12833168805528133
GSP,BWI,0.2883895131086142
GSP,DCA,0.0
GSP,DFW,0.18292682926829268
GSP,DTW,0.09340659340659341
GSP,EWR,0.21341463414634146
GSP,HOU,0.138996138996139
GSP,IAD,0.125
GSP,IAH,0.12010443864229765
GSP,LGA,0.25
GSP,MDW,0.1488933601609658
GSP,ORD,0.19329073482428116
GST,JNU,0.4473684210526316
GTF,DEN,0.14420062695924765
GTF,MSP,0.047058823529411764
GTF,SLC,0.03856749311294766
GTR,ATL,0.19654714475431606
GUC,DEN,0.24701195219123506
GUC,DFW,0.20588235294117646
GUC,IAH,0.05454545454545454
GUC,ORD,0.26666666666666666
GUM,HNL,0.2111111111111111
HDN,ATL,0.18292682926829268
HDN,DEN,0.2
HDN,DFW,0.2072072072072072
HDN,EWR,0.38461538461538464
HDN,IAD,0.2727272727272727
HDN,IAH,0.1534090909090909
HDN,LAX,0.3125
HDN,ORD,0.2608695652173913
HDN,SEA,0.2894736842105263
HDN,SFO,0.0
HIB,INL,0.10606060606060606
HIB,MSP,0.1172566371681416
HLN,DEN,0.13157894736842105
HLN,MSP,0.03296703296703297
HLN,SLC,0.05322128851540616
HNL,ANC,0.14018691588785046
HNL,ATL,0.18081180811808117
HNL,BLI,0.042735042735042736
HNL,DEN,0.137546468401487
HNL,DFW,0.17699115044247787
HNL,EWR,0.1
HNL,GUM,0.337037037037037
HNL,IAD,0.13793103448275862
HNL,IAH,0.21348314606741572
HNL,ITO,0.087865055387714
HNL,JFK,0.28225806451612906
HNL,KOA,0.08322399250234301
HNL,LAS,0.12669683257918551
HNL,LAX,0.13704396632366697
HNL,LIH,0.07523510971786834
HNL,OAK,0.1550925925925926
HNL,OGG,0.1007236744941663
HNL,ORD,0.09701492537313433
HNL,PDX,0.16062176165803108
HNL,PHX,0.18102508178844057
HNL,PPG,0.10227272727272728
HNL,SAN,0.1596153846153846
HNL,SEA,0.16075156576200417
HNL,SFO,0.14927261227071473
HNL,SJC,0.1934782608695652
HNL,SLC,0.022813688212927757
HNL,SMF,0.2656826568265683
HOB,IAH,0.1277533039647577
HOU,ABQ,0.22005208333333334
HOU,ATL,0.18688524590163935
HOU,AUS,0.2502472799208704
HOU,BHM,0.2808080808080808
HOU,BNA,0.23780487804878048
HOU,BOS,0.26422764227642276
HOU,BWI,0.2111111111111111
HOU,CHS,0.2743682310469314
HOU,CLT,0.3375796178343949
HOU,CRP,0.23076923076923078
HOU,DAL,0.21737389911929544
HOU,DCA,0.1773049645390071
HOU,DEN,0.1647887323943662
HOU,DFW,0.23608768971332209
HOU,ECP,0.176
HOU,ELP,0.22268326417704012
HOU,EWR,0.2643171806167401
HOU,FLL,0.31123388581952116
HOU,GSP,0.311787072243346
HOU,HRL,0.1982484076433121
HOU,IND,0.25333333333333335
HOU,JAX,0.33554817275747506
HOU,JFK,0.27941176470588236
HOU,LAS,0.1211864406779661
HOU,LAX,0.2032
HOU,LGA,0.3020689655172414
HOU,MAF,0.2253968253968254
HOU,MCI,0.19959677419354838
HOU,MCO,0.30486685032139577
HOU,MDW,0.20243902439024392
HOU,MEM,0.3234714003944773
HOU,MSY,0.19733117670845127
HOU,OAK,0.15294117647058825
HOU,OKC,0.20270270270270271
HOU,PDX,0.25396825396825395
HOU,PHX,0.15491731940818101
HOU,PIT,0.20152091254752852
HOU,PNS,0.2788104089219331
HOU,RDU,0.28426395939086296
HOU,RSW,0.3333333333333333
HOU,SAN,0.20646319569120286
HOU,SAT,0.2346263008514664
HOU,SEA,0.2857142857142857
HOU,SJU,0.2
HOU,SLC,0.4444444444444444
HOU,SNA,0.12422360248447205
HOU,STL,0.18640576725025745
HOU,TPA,0.28350515463917525
HOU,TUL,0.23809523809523808
HPN,ATL,0.2714001327140013
HPN,DCA,0.0
HPN,DTW,0.27692307692307694
HPN,FLL,0.2835538752362949
HPN,MCO,0.25025227043390513
HPN,ORD,0.21935483870967742
HPN,PBI,0.2839657282741738
HPN,RSW,0.11787072243346007
HPN,TPA,0.1320754716981132
HRL,AUS,0.1183206106870229
HRL,HOU,0.12169735788630905
HRL,IAH,0.11283643892339544
HSV,ATL,0.12170889220069547
HSV,DCA,0.17391304347826086
HSV,DEN,0.21341463414634146
HSV,DFW,0.215311004784689
HSV,DTW,0.13043478260869565
HSV,IAD,0.25
HSV,IAH,0.14405594405594405
HSV,ORD,0.2591093117408907
HYA,JFK,0.1951219512195122
HYS,DEN,0.18777292576419213
IAD,ATL,0.18290441176470587
IAD,AUS,0.27
IAD,BDL,0.29375
IAD,BNA,0.43333333333333335
IAD,BOS,0.21049344159900063
IAD,BTV,0.3333333333333333
IAD,BUF,0.1891891891891892
IAD,CAE,0.3602150537634409
IAD,CHS,0.75
IAD,CLE,0.1806853582554517
IAD,CLT,0.2
IAD,CMH,0.23529411764705882
IAD,CVG,0.12
IAD,DAY,1.0
IAD,DEN,0.22572912504994008
IAD,DFW,0.20052539404553416
IAD,DTW,0.14779270633397312
IAD,EWR,0.2641509433962264
IAD,FLL,0.4878048780487805
IAD,GRR,0.5
IAD,GSO,0.2459016393442623
IAD,GSP,0.125
IAD,HDN,0.09090909090909091
IAD,HNL,0.2916666666666667
IAD,HSV,0.5
IAD,IAH,0.25622775800711745
IAD,IND,0.2
IAD,JAC,0.16666666666666666
IAD,JAX,0.5384615384615384
IAD,JFK,0.21293800539083557
IAD,LAS,0.2391304347826087
IAD,LAX,0.2300854700854701
IAD,LGA,0.37790697674418605
IAD,MCI,0.6666666666666666
IAD,MCO,0.29376854599406527
IAD,MDW,0.17996289424860853
IAD,MEM,0.17142857142857143
IAD,MIA,0.25396825396825395
IAD,MSN,0.0
IAD,MSP,0.1287313432835821
IAD,MSY,0.19014084507042253
IAD,OKC,0.75
IAD,ORD,0.24677966101694915
IAD,ORF,0.2125
IAD,PBI,0.30357142857142855
IAD,PDX,0.32786885245901637
IAD,PHX,0.27715355805243447
IAD,PIT,0.2638888888888889
IAD,PVD,0.42105263157894735
IAD,RDU,0.25757575757575757
IAD,RIC,0.2647058823529412
IAD,ROA,0.4
IAD,ROC,0.29464285714285715
IAD,RSW,0.27058823529411763
IAD,SAN,0.16332982086406744
IAD,SAT,0.0
IAD,SAV,0.32558139534883723
IAD,SDF,0.5
IAD,SEA,0.18626309662398138
IAD,SFO,0.17433081674673986
IAD,SJU,0.24369747899159663
IAD,SMF,0.3333333333333333
IAD,STL,0.5555555555555556
IAD,STT,0.19047619047619047
IAD,SYR,0.21739130434782608
IAD,TPA,0.23680981595092024
IAD,TTN,1.0
IAD,TUL,0.4
IAD,TYS,0.2857142857142857
IAD,UST,0.3333333333333333
IAG,FLL,0.24305555555555555
IAG,MYR,0.24545454545454545
IAH,ABQ,0.20211161387631976
IAH,AEX,0.1704697986577181
IAH,AGS,1.0
IAH,AMA,0.1573187414500684
IAH,ANC,0.3780487804878049
IAH,ASE,0.1918238993710692
IAH,ATL,0.20948492462311558
IAH,AUS,0.2530487804878049
IAH,BFL,0.2
IAH,BHM,0.206436420722135
IAH,BNA,0.2245575221238938
IAH,BOI,0.32075471698113206
IAH,BOS,0.23866171003717473
IAH,BRO,0.15902712815715622
IAH,BTR,0.1758767268862912
IAH,BWI,0.26153846153846155
IAH,BZN,0.7142857142857143
IAH,CAE,0.17094017094017094
IAH,CHS,0.23758099352051837
IAH,CLE,0.19567567567567568
IAH,CLL,0.1259124087591241
IAH,CLT,0.18879946344735077
IAH,CMH,0.19872611464968154
IAH,COS,0.2391304347826087
IAH,CRP,0.18010291595197256
IAH,CRW,0.20689655172413793
IAH,CVG,0.23522853957636566
IAH,DAL,0.1406926406926407
IAH,DCA,0.21280379371665678
IAH,DEN,0.26683291770573564
IAH,DFW,0.19518298404754458
IAH,DSM,0.2616279069767442
IAH,DTW,0.27052832590706555
IAH,ECP,0.13285024154589373
IAH,EGE,0.12605042016806722
IAH,ELP,0.21428571428571427
IAH,EWR,0.2688845401174168
IAH,FLL,0.2434077079107505
IAH,GJT,0.08962264150943396
IAH,GPT,0.18156161806208843
IAH,GRK,0.1545595054095827
IAH,GRR,0.2366412213740458
IAH,GSP,0.23056994818652848
IAH,GUC,0.36363636363636365
IAH,HDN,0.1724137931034483
IAH,HNL,0.3754646840148699
IAH,HOB,0.17002237136465326
IAH,HRL,0.13989637305699482
IAH,HSV,0.18854748603351956
IAH,IAD,0.22009569377990432
IAH,ICT,0.18470588235294116
IAH,IND,0.18901660280970625
IAH,ISN,0.11068702290076336
IAH,JAC,0.18072289156626506
IAH,JAN,0.1703225806451613
IAH,JAX,0.32475247524752476
IAH,LAS,0.2301801801801802
IAH,LAX,0.3467224546722455
IAH,LBB,0.1684717208182912
IAH,LCH,0.13318025258323765
IAH,LEX,0.15079365079365079
IAH,LFT,0.17508232711306257
IAH,LGA,0.2795929298339582
IAH,LIT,0.1759450171821306
IAH,LRD,0.1307901907356948
IAH,MAF,0.1854341736694678
IAH,MCI,0.20651369356032567
IAH,MCO,0.2828820116054159
IAH,MEM,0.21792114695340503
IAH,MFE,0.21736526946107784
IAH,MIA,0.24417069951605808
IAH,MKE,0.24362606232294617
IAH,MLU,0.12539184952978055
IAH,MOB,0.1672185430463576
IAH,MSN,0.0
IAH,MSP,0.21944444444444444
IAH,MSY,0.2408888888888889
IAH,MTJ,0.10967741935483871
IAH,OAK,0.3048780487804878
IAH,OKC,0.1958762886597938
IAH,OMA,0.18986083499005965
IAH,ONT,0.2786516853932584
IAH,ORD,0.3031012287887654
IAH,ORF,0.2903225806451613
IAH,PBI,0.2716417910447761
IAH,PDX,0.2057877813504823
IAH,PHL,0.2366628830874007
IAH,PHX,0.2088278931750742
IAH,PIA,0.155
IAH,PIT,0.20745542949756887
IAH,PNS,0.18596491228070175
IAH,PSP,0.16279069767441862
IAH,RAP,0.041666666666666664
IAH,RDU,0.18599562363238512
IAH,RIC,0.28368794326241137
IAH,RNO,0.1935483870967742
IAH,RSW,0.2813141683778234
IAH,SAN,0.21827099938687922
IAH,SAT,0.2763925729442971
IAH,SAV,0.1945945945945946
IAH,SDF,0.1693121693121693
IAH,SEA,0.21233624454148473
IAH,SFO,0.25379609544468545
IAH,SHV,0.19096334185848252
IAH,SJC,0.20604395604395603
IAH,SJU,0.2169576059850374
IAH,SLC,0.18674698795180722
IAH,SMF,0.20037453183520598
IAH,SNA,0.18345618345618345
IAH,STL,0.16051136363636365
IAH,STT,0.2727272727272727
IAH,TPA,0.27729885057471265
IAH,TUL,0.16265452179570591
IAH,TUS,0.21922246220302377
IAH,TYR,0.1648148148148148
IAH,TYS,0.176759410801964
IAH,VPS,0.19086021505376344
IAH,XNA,0.20969560315670802
ICT,ATL,0.12086513994910941
ICT,DAL,0.1375
ICT,DEN,0.22331460674157302
ICT,DFW,0.246875
ICT,IAH,0.1984478935698448
ICT,LAS,0.13186813186813187
ICT,LAX,0.17543859649122806
ICT,MDW,0.18813905930470348
ICT,MSP,0.16877637130801687
ICT,ORD,0.2332730560578662
IDA,DEN,0.19193324061196107
IDA,MSP,0.2631578947368421
IDA,SLC,0.0410958904109589
ILG,MCO,0.4098360655737705
ILG,TPA,0.35294117647058826
ILM,ATL,0.1366742596810934
ILM,CLT,0.1875
ILM,LGA,0.1411764705882353
IMT,MSP,0.12222222222222222
IMT,RHI,0.08771929824561403
IND,ATL,0.12721518987341773
IND,BOS,0.23756906077348067
IND,BWI,0.1794871794871795
IND,CLT,0.12259970457902511
IND,DAL,0.26285714285714284
IND,DCA,0.12969924812030076
IND,DEN,0.2112676056338028
IND,DFW,0.15011727912431588
IND,DTW,0.1791907514450867
IND,EWR,0.24695121951219512
IND,FLL,0.14285714285714285
IND,HOU,0.15695067264573992
IND,IAD,0.043478260869565216
IND,IAH,0.22523744911804613
IND,JFK,0.3
IND,LAS,0.11232876712328767
IND,LAX,0.10552763819095477
IND,LGA,0.1935483870967742
IND,MCI,0.17034068136272545
IND,MCO,0.16764132553606237
IND,MSP,0.12117647058823529
IND,ORD,0.2178649237472767
IND,PHL,0.12
IND,PHX,0.13594890510948904
IND,RDU,0.16
IND,RSW,0.16150081566068517
IND,SFO,0.10040160642570281
IND,SLC,0.06976744186046512
IND,TPA,0.15546218487394958
IND,TTN,0.5
INL,BRD,0.0
INL,HIB,0.08203125
INL,MSP,0.20304568527918782
ISN,DEN,0.17470525187566988
ISN,IAH,0.10330578512396695
ISN,MSP,0.13157894736842105
ISP,BWI,0.18144159072079535
ISP,FLL,0.12412177985948478
ISP,MCO,0.1880952380952381
ISP,PBI,0.19454545454545455
ISP,RSW,0.14814814814814814
ISP,TPA,0.1385390428211587
ITH,DTW,0.1
ITO,HNL,0.09191639385545203
ITO,LAX,0.15311004784688995
ITO,OGG,0.06788990825688074
JAC,ATL,0.06818181818181818
JAC,DEN,0.18763326226012794
JAC,DFW,0.1130952380952381
JAC,EWR,0.68
JAC,IAD,0.2
JAC,IAH,0.16470588235294117
JAC,JFK,1.0
JAC,LAX,0.25365853658536586
JAC,MSP,0.04065040650406504
JAC,ORD,0.18385650224215247
JAC,SEA,0.3076923076923077
JAC,SFO,0.24666666666666667
JAC,SLC,0.06563706563706563
JAN,ATL,0.11194029850746269
JAN,DFW,0.27734375
JAN,IAH,0.18439716312056736
JAN,ORD,0.14870689655172414
JAX,ATL,0.13437876960193004
JAX,BNA,0.1684931506849315
JAX,BOS,0.22702702702702704
JAX,BWI,0.1504424778761062
JAX,CLT,0.14361702127659576
JAX,DCA,0.0996309963099631
JAX,DEN,0.08333333333333333
JAX,DFW,0.1598086124401914
JAX,DTW,0.07894736842105263
JAX,EWR,0.20454545454545456
JAX,FLL,0.1801470588235294
JAX,HOU,0.2516778523489933
JAX,IAD,0.23076923076923078
JAX,IAH,0.22967479674796748
JAX,JFK,0.2427055702917772
JAX,LAS,0.06504065040650407
JAX,LGA,0.3595505617977528
JAX,MDW,0.14814814814814814
JAX,MIA,0.23444976076555024
JAX,MSP,0.3087248322147651
JAX,ORD,0.3368146214099217
JAX,PHL,0.12
JFK,ABQ,0.2645739910313901
JFK,ACK,0.18787878787878787
JFK,ATL,0.21893491124260356
JFK,AUS,0.23052959501557632
JFK,BNA,0.27235772357723576
JFK,BOS,0.23737248071659617
JFK,BQN,0.29022988505747127
JFK,BTV,0.23565323565323565
JFK,BUF,0.24514200298953662
JFK,BUR,0.16417910447761194
JFK,BWI,0.2653061224489796
JFK,CHS,0.19242902208201892
JFK,CLE,0.1984126984126984
JFK,CLT,0.20340632603406325
JFK,CMH,0.2494802494802495
JFK,CVG,0.23387096774193547
JFK,DCA,0.3022700119474313
JFK,DEN,0.23413897280966767
JFK,DFW,0.15486725663716813
JFK,DTW,0.3059360730593607
JFK,EGE,0.32222222222222224
JFK,FLL,0.24688856729377714
JFK,HNL,0.33064516129032256
JFK,HOU,0.25735294117647056
JFK,HYA,0.14814814814814814
JFK,IAD,0.2398921832884097
JFK,IND,0.2446043165467626
JFK,JAC,0.0
JFK,JAX,0.26842105263157895
JFK,LAS,0.1934846989141165
JFK,LAX,0.17952851098126132
JFK,LGB,0.1859504132231405
JFK,MCO,0.22160407974038016
JFK,MIA,0.25104895104895103
JFK,MSP,0.1786703601108033
JFK,MSY,0.19951923076923078
JFK,MVY,0.19008264462809918
JFK,OAK,0.16593886462882096
JFK,ORD,0.24247104247104248
JFK,ORF,0.28440366972477066
JFK,PBI,0.249665327978581
JFK,PDX,0.30694444444444446
JFK,PHX,0.22981700753498385
JFK,PIT,0.15384615384615385
JFK,PSE,0.30303030303030304
JFK,PSP,0.15384615384615385
JFK,PWM,0.21252566735112938
JFK,RDU,0.25109809663250365
JFK,RNO,0.24074074074074073
JFK,ROC,0.23376623376623376
JFK,RSW,0.2304394426580922
JFK,SAN,0.20029784065524944
JFK,SAT,0.22429906542056074
JFK,SAV,0.20186915887850468
JFK,SEA,0.2534287418008348
JFK,SFO,0.1959189497716895
JFK,SJC,0.22566371681415928
JFK,SJU,0.22846025569760978
JFK,SLC,0.23132848645076007
JFK,SMF,0.16299559471365638
JFK,SRQ,0.14925373134328357
JFK,STT,0.19361702127659575
JFK,SYR,0.2670807453416149
JFK,TPA,0.21795511221945138
JLN,DFW,0.23828125
JMS,DEN,0.17194570135746606
JMS,DVL,0.17435897435897435
JNU,ANC,0.1939252336448598
JNU,GST,0.25675675675675674
JNU,KTN,0.11152416356877323
JNU,PSG,0.2518518518518518
JNU,SEA,0.17998075072184794
JNU,SIT,0.15555555555555556
JNU,YAK,0.1760299625468165
KOA,ANC,0.07142857142857142
KOA,DEN,0.09090909090909091
KOA,HNL,0.11075652337150366
KOA,LAX,0.1501736111111111
KOA,OAK,0.09157509157509157
KOA,OGG,0.08902077151335312
KOA,PDX,0.0603448275862069
KOA,PHX,0.05622489959839357
KOA,SAN,0.0
KOA,SEA,0.12967032967032968
KOA,SFO,0.11891891891891893
KOA,SJC,0.09696969696969697
KTN,JNU,0.14814814814814814
KTN,SEA,0.19464285714285715
KTN,SIT,0.15555555555555556
KTN,WRG,0.19029850746268656
LAN,ATL,0.35714285714285715
LAN,DTW,0.18055555555555555
LAN,MSP,0.16535433070866143
LAN,ORD,0.1949509116409537
LAR,DEN,0.10722100656455143
LAS,ABQ,0.20505344995140914
LAS,ALB,0.27699530516431925
LAS,AMA,0.13553113553113552
LAS,ANC,0.10294117647058823
LAS,ATL,0.13469139556096077
LAS,AUS,0.21910695742471442
LAS,BDL,0.32038834951456313
LAS,BHM,0.18315018315018314
LAS,BLI,0.07096774193548387
LAS,BNA,0.23842917251051893
LAS,BOI,0.21910112359550563
LAS,BOS,0.27598566308243727
LAS,BUF,0.12836438923395446
LAS,BUR,0.18943606036536934
LAS,BWI,0.2326440177252585
LAS,CLE,0.21927497789566755
LAS,CLT,0.15027110766847404
LAS,CMH,0.17269076305220885
LAS,CVG,0.29111531190926276
LAS,DAL,0.24953445065176907
LAS,DCA,0.20446096654275092
LAS,DEN,0.2045633359559402
LAS,DFW,0.183457355466514
LAS,DSM,0.23076923076923078
LAS,DTW,0.15002089427496865
LAS,ELP,0.2622641509433962
LAS,EWR,0.14456981664315938
LAS,FLL,0.3337349397590361
LAS,FNT,0.2140221402214022
LAS,GEG,0.17490494296577946
LAS,HNL,0.283987915407855
LAS,HOU,0.2006980802792321
LAS,IAD,0.19801980198019803
LAS,IAH,0.20993227990970656
LAS,ICT,0.21978021978021978
LAS,IND,0.2513888888888889
LAS,JAX,0.2601626016260163
LAS,JFK,0.22192866578599735
LAS,LAX,0.28312412831241285
LAS,LBB,0.37407407407407406
LAS,LBE,0.2875
LAS,LGB,0.17721518987341772
LAS,LIT,0.2074074074074074
LAS,MAF,0.24168514412416853
LAS,MCI,0.20608365019011407
LAS,MCO,0.2597968069666183
LAS,MDW,0.19692168401991852
LAS,MEM,0.10638297872340426
LAS,MHT,0.0
LAS,MIA,0.20055452865064696
LAS,MKE,0.17523364485981308
LAS,MSP,0.14609450337512053
LAS,MSY,0.19092627599243855
LAS,OAK,0.21814946619217082
LAS,OKC,0.2681564245810056
LAS,OMA,0.22346368715083798
LAS,ONT,0.30198915009041594
LAS,ORD,0.21291248206599714
LAS,PDX,0.15998089780324737
LAS,PHL,0.19007803790412486
LAS,PHX,0.20354578096947937
LAS,PIT,0.1629327902240326
LAS,RDU,0.1992619926199262
LAS,RNO,0.18147304479878512
LAS,SAN,0.24490407673860912
LAS,SAT,0.24019138755980862
LAS,SDF,0.2805755395683453
LAS,SEA,0.15893385982230998
LAS,SFO,0.2342441952298215
LAS,SJC,0.21746801940891045
LAS,SLC,0.16650374714890845
LAS,SMF,0.20633349826818406
LAS,SNA,0.1712707182320442
LAS,STL,0.17186183656276327
LAS,TPA,0.24165029469548133
LAS,TUL,0.2177121771217712
LAS,TUS,0.23180291153415453
LAW,DFW,0.20039292730844793
LAX,ABQ,0.27877237851662406
LAX,ANC,0.07763975155279502
LAX,ASE,0.24437299035369775
LAX,ATL,0.16507654759263368
LAX,AUS,0.19545032497678738
LAX,BNA,0.22297808012093726
LAX,BOI,0.2677595628415301
LAX,BOS,0.1785279805352798
LAX,BWI,0.2301980198019802
LAX,BZN,0.304
LAX,CLD,0.14696485623003194
LAX,CLE,0.2197452229299363
LAX,CLT,0.22388993120700437
LAX,CMH,0.19491525423728814
LAX,COS,0.21346153846153845
LAX,CVG,0.16778523489932887
LAX,DAL,0.2477432296890672
LAX,DCA,0.1623296158612144
LAX,DEN,0.21923985398325102
LAX,DFW,0.19009345794392524
LAX,DTW,0.20364741641337386
LAX,EGE,0.10638297872340426
LAX,ELP,0.2731893265565438
LAX,EUG,0.2051792828685259
LAX,EWR,0.1881429344883595
LAX,FAT,0.26126609442060084
LAX,FLL,0.3046594982078853
LAX,GEG,0.25
LAX,HDN,0.2916666666666667
LAX,HNL,0.2573031082028511
LAX,HOU,0.2816
LAX,IAD,0.1685432793807178
LAX,IAH,0.2667844522968198
LAX,ICT,0.40350877192982454
LAX,IND,0.18257956448911222
LAX,ITO,0.25943396226415094
LAX,JAC,0.1890547263681592
LAX,JFK,0.18410969953619682
LAX,KOA,0.17884780739466896
LAX,LAS,0.22564432989690722
LAX,LIH,0.17387218045112782
LAX,MCI,0.23728813559322035
LAX,MCO,0.18999467802022352
LAX,MDW,0.2452445652173913
LAX,MEM,0.08333333333333333
LAX,MIA,0.22244897959183674
LAX,MKE,0.23492063492063492
LAX,MRY,0.21949286846275753
LAX,MSN,0.0
LAX,MSP,0.18160284247927358
LAX,MSY,0.17264276228419656
LAX,MTJ,0.4166666666666667
LAX,OAK,0.23969739199681464
LAX,OGG,0.1848404255319149
LAX,OKC,0.19455252918287938
LAX,OMA,0.19047619047619047
LAX,ORD,0.21204782806114728
LAX,PBI,0.2987012987012987
LAX,PDX,0.12759170653907495
LAX,PHL,0.1988227599738391
LAX,PHX,0.24665424360494664
LAX,PIT,0.25728155339805825
LAX,PSP,0.2027439024390244
LAX,RDM,0.16877637130801687
LAX,RDU,0.16691285081240767
LAX,RNO,0.22545454545454546
LAX,SAF,0.18468468468468469
LAX,SAN,0.20414483087184374
LAX,SAT,0.23231511254019294
LAX,SBA,0.18718801996672213
LAX,SBP,0.17104072398190046
LAX,SEA,0.14672503242542154
LAX,SFO,0.25918465227817744
LAX,SJC,0.23468443457338517
LAX,SLC,0.19236575372007764
LAX,SMF,0.24135776759683467
LAX,SMX,0.11788617886178862
LAX,STL,0.2240343347639485
LAX,TPA,0.24329501915708812
LAX,TUS,0.24428507395786642
LBB,AUS,0.07480314960629922
LBB,DAL,0.14285714285714285
LBB,DEN,0.19334719334719336
LBB,DFW,0.2867132867132867
LBB,IAH,0.14595898673100122
LBB,LAS,0.06691449814126393
LBE,FLL,0.136986301369863
LBE,LAS,0.19753086419753085
LBE,MCO,0.40540540540540543
LBE,MYR,0.1657754010695187
LBE,ORD,0.35555555555555557
LBE,RSW,0.20454545454545456
LBE,TPA,0.1864406779661017
LCH,DFW,0.23339011925042588
LCH,IAH,0.10114942528735632
LEX,ATL,0.14308855291576675
LEX,DCA,0.0
LEX,DFW,0.18860244233378562
LEX,DTW,0.14175257731958762
LEX,IAH,0.25396825396825395
LEX,LGA,0.3333333333333333
LEX,MSP,0.3333333333333333
LEX,ORD,0.16677195198989261
LFT,ATL,0.20739219712525667
LFT,DEN,0.2236024844720497
LFT,DFW,0.23168789808917198
LFT,IAH,0.1826086956521739
LGA,AGS,0.0
LGA,ATL,0.22230618104881367
LGA,BGR,0.2571428571428571
LGA,BHM,0.3785310734463277
LGA,BNA,0.278468423669816
LGA,BOS,0.2576889661164205
LGA,BTV,0.25
LGA,BUF,0.30434782608695654
LGA,BZN,0.3
LGA,CAE,0.2560240963855422
LGA,CAK,0.29227557411273486
LGA,CHO,0.3333333333333333
LGA,CHS,0.3333333333333333
LGA,CLE,0.20776699029126214
LGA,CLT,0.19492421572083188
LGA,CMH,0.34236453201970446
LGA,CVG,0.21951219512195122
LGA,DAL,0.18917576961271101
LGA,DAY,0.3259668508287293
LGA,DCA,0.2481089258698941
LGA,DEN,0.23642533936651583
LGA,DFW,0.19400499583680267
LGA,DTW,0.26423877327491785
LGA,EYW,1.0
LGA,FLL,0.28725961538461536
LGA,GRR,0.33974358974358976
LGA,GSO,0.302785265049416
LGA,GSP,0.5
LGA,HOU,0.22191011235955055
LGA,IAD,0.4127906976744186
LGA,IAH,0.20314192849404117
LGA,ILM,0.4166666666666667
LGA,IND,0.2
LGA,JAX,0.28735632183908044
LGA,LEX,0.6666666666666666
LGA,LIT,0.9117647058823529
LGA,MCI,0.3425742574257426
LGA,MCO,0.2692928640619955
LGA,MDW,0.2533410807669959
LGA,MEM,0.3333333333333333
LGA,MHT,0.39669421487603307
LGA,MIA,0.2299349240780911
LGA,MKE,0.24318429661941113
LGA,MSN,0.27941176470588236
LGA,MSP,0.2152414194299011
LGA,MSY,0.23746701846965698
LGA,MYR,0.4027777777777778
LGA,OMA,0.2857142857142857
LGA,ORD,0.22692409415498546
LGA,ORF,0.31221719457013575
LGA,PBI,0.28445618670189343
LGA,PHL,0.13725490196078433
LGA,PIT,0.3277310924369748
LGA,PWM,0.14893617021276595
LGA,RDU,0.32023460410557186
LGA,RIC,0.2803030303030303
LGA,ROC,0.27388535031847133
LGA,RSW,0.2567783094098884
LGA,SAV,0.2844574780058651
LGA,SDF,0.5742574257425742
LGA,SRQ,0.28160919540229884
LGA,STL,0.27728613569321536
LGA,SYR,0.3620689655172414
LGA,TPA,0.23433583959899748
LGA,TVC,0.2727272727272727
LGA,TYS,0.5081967213114754
LGA,XNA,0.3002309468822171
LGB,ANC,0.3050847457627119
LGB,AUS,0.11627906976744186
LGB,BOS,0.16371681415929204
LGB,JFK,0.20781893004115226
LGB,LAS,0.19725738396624473
LGB,OAK,0.12469135802469136
LGB,PDX,0.14035087719298245
LGB,PHX,0.0
LGB,SEA,0.16541353383458646
LGB,SFO,0.30209617755856966
LGB,SLC,0.10703173615432483
LGB,SMF,0.18130841121495328
LIH,DEN,0.15384615384615385
LIH,HNL,0.10458063166701527
LIH,LAX,0.12041392285983067
LIH,OAK,0.09202453987730061
LIH,OGG,0.09497206703910614
LIH,PDX,0.045454545454545456
LIH,PHX,0.04929577464788732
LIH,SAN,0.08092485549132948
LIH,SEA,0.14416475972540047
LIH,SFO,0.10714285714285714
LIH,SJC,0.05128205128205128
LIT,ATL,0.10562075355157505
LIT,BWI,0.19455252918287938
LIT,DAL,0.13268998793727382
LIT,DEN,0.21941747572815534
LIT,DFW,0.3171225937183384
LIT,DTW,0.1583710407239819
LIT,IAH,0.1973775017253278
LIT,LAS,0.18450184501845018
LIT,LGA,0.3582089552238806
LIT,MDW,0.22007722007722008
LIT,ORD,0.24743512371756185
LIT,PHX,0.1111111111111111
LNK,ATL,0.056818181818181816
LNK,DEN,0.15015015015015015
LNK,MSP,0.16806722689075632
LNK,ORD,0.16684378320935175
LRD,DFW,0.16617502458210423
LRD,IAH,0.10612244897959183
LSE,MSP,0.12962962962962962
LSE,ORD,0.19281045751633988
LWS,SLC,0.03164556962025317
MAF,DAL,0.17836498761354252
MAF,DEN,0.14301801801801803
MAF,DFW,0.2768595041322314
MAF,HOU,0.14683815648445875
MAF,IAH,0.15579302587176602
MAF,LAS,0.18
MBS,ATL,0.4444444444444444
MBS,DTW,0.1565217391304348
MBS,MSP,0.043478260869565216
MBS,ORD,0.1806981519507187
MCI,ABQ,0.2423076923076923
MCI,ATL,0.10669014084507042
MCI,BNA,0.11925601750547046
MCI,BOS,0.2375
MCI,BWI,0.17717717717717718
MCI,CLT,0.1324828263002944
MCI,CVG,0.08108108108108109
MCI,DAL,0.17989720159908623
MCI,DCA,0.1645021645021645
MCI,DEN,0.20773225620311597
MCI,DFW,0.18714285714285714
MCI,DLH,1.0
MCI,DTW,0.13927335640138408
MCI,EWR,0.19618055555555555
MCI,FLL,0.136
MCI,HOU,0.17016806722689076
MCI,IAD,0.16666666666666666
MCI,IAH,0.198429693076374
MCI,IND,0.23170731707317074
MCI,LAS,0.1612167300380228
MCI,LAX,0.21762349799732977
MCI,LGA,0.2396039603960396
MCI,LNK,1.0
MCI,MCO,0.18479685452162517
MCI,MDW,0.14169215086646278
MCI,MIA,0.125
MCI,MKE,0.15430861723446893
MCI,MSP,0.1654629021667761
MCI,MSY,0.12830188679245283
MCI,OAK,0.16170212765957448
MCI,ORD,0.22665080309339677
MCI,PDX,0.17216117216117216
MCI,PHX,0.15813953488372093
MCI,RSW,0.1
MCI,SAN,0.15012106537530268
MCI,SEA,0.13817330210772832
MCI,SFO,0.16519823788546256
MCI,SLC,0.056910569105691054
MCI,STL,0.1328600405679513
MCI,TPA,0.18333333333333332
MCO,ABQ,0.1414141414141414
MCO,ACY,0.2368815592203898
MCO,ALB,0.1950286806883365
MCO,ATL,0.15404383975812547
MCO,AUS,0.15203955500618047
MCO,BDL,0.2096530920060332
MCO,BHM,0.14579439252336449
MCO,BMI,0.5757575757575758
MCO,BNA,0.1896551724137931
MCO,BOS,0.24348210340256296
MCO,BQN,0.1978021978021978
MCO,BUF,0.21350078492935637
MCO,BWI,0.21649484536082475
MCO,CAK,0.2042755344418052
MCO,CLE,0.2382639503985828
MCO,CLT,0.15918536990856194
MCO,CMH,0.18997668997668998
MCO,CVG,0.22816901408450704
MCO,DAL,0.13196125907990314
MCO,DAY,0.2852112676056338
MCO,DCA,0.18136693394425354
MCO,DEN,0.20429636124506795
MCO,DFW,0.18772099003535841
MCO,DTW,0.18052256532066507
MCO,EWR,0.21814368117461982
MCO,FLL,0.21217712177121772
MCO,FNT,0.18050541516245489
MCO,GRR,0.18106995884773663
MCO,HOU,0.15350089766606823
MCO,HPN,0.26988922457200404
MCO,IAD,0.3132440476190476
MCO,IAH,0.2563855421686747
MCO,ILG,0.4262295081967213
MCO,IND,0.19941348973607037
MCO,ISP,0.19672131147540983
MCO,JFK,0.28893014620561613
MCO,LAS,0.18786127167630057
MCO,LAX,0.18773135906927552
MCO,LBE,0.3793103448275862
MCO,LGA,0.26453488372093026
MCO,MCI,0.19869281045751633
MCO,MDT,0.11764705882352941
MCO,MDW,0.1975609756097561
MCO,MEM,0.1901639344262295
MCO,MHT,0.1989342806394316
MCO,MIA,0.20008233841086867
MCO,MKE,0.21234798877455566
MCO,MSN,0.1875
MCO,MSP,0.15
MCO,MSY,0.17740232312565998
MCO,OMA,0.21705426356589147
MCO,ORD,0.2808436867957238
MCO,ORF,0.2627118644067797
MCO,ORH,0.06589147286821706
MCO,PHL,0.24244791666666668
MCO,PHX,0.14631873252562907
MCO,PIT,0.2466996699669967
MCO,PSE,0.22392638036809817
MCO,PVD,0.23648648648648649
MCO,PWM,0.0
MCO,RDU,0.1830808080808081
MCO,RIC,0.2522361359570662
MCO,ROC,0.15060240963855423
MCO,SAN,0.136986301369863
MCO,SAT,0.18779342723004694
MCO,SDF,0.19528619528619529
MCO,SEA,0.19714285714285715
MCO,SFO,0.18478260869565216
MCO,SJU,0.21403385049365303
MCO,SLC,0.18118811881188118
MCO,STL,0.2040983606557377
MCO,SWF,0.15671641791044777
MCO,SYR,0.3076923076923077
MCO,TTN,0.3323943661971831
MDT,ATL,0.11068702290076336
MDT,CLT,0.16
MDT,DEN,1.0
MDT,DTW,0.1463963963963964
MDT,MCO,0.23529411764705882
MDT,ORD,0.1962843295638126
MDW,ABQ,0.2438095238095238
MDW,ALB,0.2602996254681648
MDW,ATL,0.17035821711785618
MDW,AUS,0.22507122507122507
MDW,BDL,0.24492753623188407
MDW,BHM,0.1917808219178082
MDW,BNA,0.19534598897734232
MDW,BOI,0.47619047619047616
MDW,BOS,0.29285714285714287
MDW,BUF,0.22715404699738903
MDW,BWI,0.22533418204964992
MDW,CHS,0.19574468085106383
MDW,CLE,0.2126514131897712
MDW,CLT,0.20675944333996024
MDW,CMH,0.22826808228268083
MDW,DAL,0.17988757026858213
MDW,DCA,0.17949865711727842
MDW,DEN,0.21654611211573238
MDW,DSM,0.23846153846153847
MDW,DTW,0.20679405520169852
MDW,EWR,0.26864590876176686
MDW,FLL,0.21904761904761905
MDW,GEG,0.3064516129032258
MDW,GSP,0.25851703406813625
MDW,HOU,0.24908647990255786
MDW,IAD,0.1814814814814815
MDW,ICT,0.22718052738336714
MDW,JAX,0.1760299625468165
MDW,LAS,0.21533660276415514
MDW,LAX,0.25578231292517006
MDW,LGA,0.28851873884592505
MDW,LIT,0.2824427480916031
MDW,MCI,0.2115971515768057
MDW,MCO,0.19292292777508482
MDW,MEM,0.23217922606924643
MDW,MHT,0.23154848046309695
MDW,MSP,0.24092409240924093
MDW,MSY,0.1824712643678161
MDW,OAK,0.24720496894409938
MDW,OKC,0.1391941391941392
MDW,OMA,0.25820568927789933
MDW,ONT,0.25475285171102663
MDW,ORF,0.28314606741573034
MDW,PBI,0.14285714285714285
MDW,PDX,0.2571428571428571
MDW,PHL,0.2520053475935829
MDW,PHX,0.21171413218699625
MDW,PIT,0.21557317952415284
MDW,PNS,0.0
MDW,PVD,0.22496371552975328
MDW,PWM,0.1111111111111111
MDW,RDU,0.1916376306620209
MDW,RNO,0.2037037037037037
MDW,ROC,0.27689243027888444
MDW,RSW,0.17610710607621008
MDW,SAN,0.25101626016260165
MDW,SAT,0.23591549295774647
MDW,SDF,0.21953781512605042
MDW,SEA,0.29024943310657597
MDW,SFO,0.25274725274725274
MDW,SJC,0.26022304832713755
MDW,SLC,0.23219814241486067
MDW,SMF,0.23546511627906977
MDW,SNA,0.30526315789473685
MDW,STL,0.22740524781341107
MDW,TPA,0.19931856899488926
MDW,TTN,0.5681818181818182
MDW,TUL,0.24060150375939848
MDW,TUS,0.24113475177304963
MEI,DFW,0.2126865671641791
MEI,PIB,0.24017467248908297
MEM,ATL,0.13214285714285715
MEM,BWI,0.219435736677116
MEM,CLT,0.163302752293578
MEM,CVG,0.23684210526315788
MEM,DAL,0.23976608187134502
MEM,DEN,0.22
MEM,DFW,0.18854748603351956
MEM,DTW,0.11974110032362459
MEM,EWR,0.19899244332493704
MEM,HOU,0.1782178217821782
MEM,IAD,0.18309859154929578
MEM,IAH,0.21726408193123628
MEM,LAS,0.0425531914893617
MEM,LAX,0.10091743119266056
MEM,LGA,0.2222222222222222
MEM,MCO,0.17320261437908496
MEM,MDW,0.15811088295687886
MEM,MIA,0.1232876712328767
MEM,MSP,0.10818713450292397
MEM,ORD,0.22654462242562928
MEM,SLC,0.05454545454545454
MEM,TPA,0.15867158671586715
MFE,DFW,0.14665592264302982
MFE,IAH,0.1603830041891083
MFR,DEN,0.13895781637717122
MFR,SFO,0.22810394610202117
MFR,SLC,0.044061302681992334
MGM,ATL,0.1963984243106359
MGM,DFW,0.21825396825396826
MHK,DFW,0.1630012936610608
MHK,ORD,0.18562874251497005
MHT,ATL,0.05970149253731343
MHT,BWI,0.13690815744438106
MHT,DTW,0.09897610921501707
MHT,EWR,0.24007220216606498
MHT,FLL,0.14285714285714285
MHT,LAS,0.4444444444444444
MHT,LGA,0.33884297520661155
MHT,MCO,0.12834224598930483
MHT,MDW,0.13030746705710103
MHT,ORD,0.20759493670886076
MHT,PHX,0.0
MHT,TPA,0.1394736842105263
MIA,ATL,0.17463322290582112
MIA,AUS,0.2375
MIA,BDL,0.273015873015873
MIA,BHM,0.2157303370786517
MIA,BNA,0.24489795918367346
MIA,BOS,0.2874058127018299
MIA,BWI,0.24303232998885171
MIA,CHS,0.2217741935483871
MIA,CLE,0.26548672566371684
MIA,CLT,0.12286547271970012
MIA,CMH,0.22879684418145957
MIA,CVG,0.17635270541082165
MIA,DCA,0.2517804775869292
MIA,DEN,0.3142311365807068
MIA,DFW,0.21883468834688347
MIA,DTW,0.16542948038176034
MIA,EGE,0.13829787234042554
MIA,EWR,0.26251180358829085
MIA,EYW,0.15311004784688995
MIA,GNV,0.23275862068965517
MIA,GSO,0.22602739726027396
MIA,IAD,0.2727272727272727
MIA,IAH,0.21934065934065933
MIA,JAX,0.16990291262135923
MIA,JFK,0.2998248686514886
MIA,LAS,0.15165441176470587
MIA,LAX,0.23227383863080683
MIA,LGA,0.280063605645001
MIA,MCI,0.29375
MIA,MCO,0.2779146141215107
MIA,MEM,0.1554054054054054
MIA,MSP,0.22905027932960895
MIA,MSY,0.304
MIA,ORD,0.2397974381888591
MIA,ORF,0.16299559471365638
MIA,PHL,0.26119402985074625
MIA,PHX,0.15261044176706828
MIA,PNS,0.25833333333333336
MIA,RDU,0.2343558282208589
MIA,RIC,0.6
MIA,SAN,0.23870967741935484
MIA,SAT,0.24074074074074073
MIA,SEA,0.22509225092250923
MIA,SFO,0.2426829268292683
MIA,SJU,0.23692307692307693
MIA,SLC,0.23448275862068965
MIA,STL,0.3002070393374741
MIA,STT,0.34354194407456723
MIA,STX,0.2399103139013453
MIA,TLH,0.14392059553349876
MIA,TPA,0.21645021645021645
MIA,TUL,0.2564102564102564
MKE,ATL,0.12602100350058343
MKE,BOS,0.3060796645702306
MKE,BWI,0.15160349854227406
MKE,CLE,0.10793650793650794
MKE,CVG,0.2053872053872054
MKE,DAL,0.19428571428571428
MKE,DCA,0.1489637305699482
MKE,DEN,0.17337461300309598
MKE,DFW,0.17503217503217502
MKE,DTW,0.1484375
MKE,EWR,0.21800947867298578
MKE,FLL,0.07987220447284345
MKE,IAH,0.21246458923512748
MKE,LAS,0.11488862837045721
MKE,LAX,0.15987460815047022
MKE,LGA,0.2205071664829107
MKE,MCI,0.14516129032258066
MKE,MCO,0.17273576097105509
MKE,MSP,0.18500273672687464
MKE,MSY,0.1388888888888889
MKE,ORD,0.23281944081526
MKE,PHX,0.12931034482758622
MKE,RSW,0.13577023498694518
MKE,SAN,0.1111111111111111
MKE,SEA,0.13126491646778043
MKE,SFO,0.19435736677115986
MKE,STL,0.13305613305613306
MKE,TPA,0.14785992217898833
MKE,TTN,0.0
MKG,ORD,0.21188118811881188
MLB,ATL,0.12754158964879853
MLI,ATL,0.2401883830455259
MLI,DEN,0.2
MLI,DFW,0.23796423658872076
MLI,DTW,0.21468926553672316
MLI,MSP,0.14516129032258066
MLI,ORD,0.17674418604651163
MLU,ATL,0.19254658385093168
MLU,DFW,0.2337317397078353
MLU,IAH,0.125
MMH,DEN,0.375
MMH,SFO,0.26229508196721313
MOB,ATL,0.18547055586130984
MOB,DFW,0.25596816976127323
MOB,IAH,0.14451827242524917
MOB,ORD,0.23684210526315788
MOT,DEN,0.14788732394366197
MOT,MSP,0.14423076923076922
MQT,ORD,0.18421052631578946
MRY,LAX,0.22300469483568075
MRY,PHX,0.1022964509394572
MRY,SFO,0.16536661466458658
MSN,ATL,0.11675824175824176
MSN,BOS,0.0
MSN,CID,0.0
MSN,CVG,0.16666666666666666
MSN,DEN,0.1708185053380783
MSN,DFW,0.215311004784689
MSN,DTW,0.12533097969991175
MSN,EWR,0.21224489795918366
MSN,IAH,0.0
MSN,LAX,0.0
MSN,LGA,0.1780821917808219
MSN,MCO,0.1875
MSN,MSP,0.14966634890371783
MSN,ORD,0.19830028328611898
MSN,SFO,0.0
MSN,SLC,0.030864197530864196
MSO,ATL,0.2
MSO,DEN,0.1864406779661017
MSO,MSP,0.05555555555555555
MSO,ORD,0.0
MSO,SFO,0.24444444444444444
MSO,SLC,0.050970873786407765
MSP,ABQ,0.10559006211180125
MSP,ABR,0.10467289719626169
MSP,ALB,0.23178807947019867
MSP,ANC,0.2196078431372549
MSP,ASE,0.4166666666666667
MSP,ATL,0.11743404035178479
MSP,ATW,0.1341772151898734
MSP,AUS,0.13496932515337423
MSP,AZO,0.16091954022988506
MSP,BDL,0.11142061281337047
MSP,BIL,0.10766423357664233
MSP,BIS,0.15652879156528793
MSP,BJI,0.08823529411764706
MSP,BMI,0.20754716981132076
MSP,BNA,0.16511627906976745
MSP,BOI,0.17428087986463622
MSP,BOS,0.16157501697216564
MSP,BRD,0.08125
MSP,BUF,0.18134715025906736
MSP,BWI,0.17090069284064666
MSP,BZN,0.0991869918699187
MSP,CID,0.1757679180887372
MSP,CLE,0.23793677204658903
MSP,CLT,0.11979463776383342
MSP,CMH,0.11263736263736264
MSP,CVG,0.1875
MSP,CWA,0.0
MSP,DAY,0.13026052104208416
MSP,DCA,0.13140311804008908
MSP,DEN,0.18497757847533633
MSP,DFW,0.2
MSP,DIK,0.06191369606003752
MSP,DLH,0.09785202863961814
MSP,DSM,0.12025316455696203
MSP,DTW,0.16151046405823477
MSP,EGE,0.0
MSP,EWR,0.20411663807890223
MSP,FAI,0.21774193548387097
MSP,FAR,0.1440058479532164
MSP,FCA,0.105
MSP,FLL,0.1413934426229508
MSP,FNT,0.14609571788413098
MSP,FSD,0.17365853658536584
MSP,FWA,0.31555555555555553
MSP,GEG,0.12050078247261346
MSP,GFK,0.11270491803278689
MSP,GRB,0.12514220705346984
MSP,GRR,0.12124463519313304
MSP,GTF,0.1124031007751938
MSP,HIB,0.11546840958605664
MSP,HLN,0.0972972972972973
MSP,IAD,0.1958955223880597
MSP,IAH,0.26144244105409153
MSP,ICT,0.16075156576200417
MSP,IDA,0.21052631578947367
MSP,IMT,0.0962962962962963
MSP,IND,0.1172680412371134
MSP,INL,0.13131313131313133
MSP,ISN,0.11331133113311331
MSP,JAC,0.11570247933884298
MSP,JAX,0.2080536912751678
MSP,JFK,0.16714285714285715
MSP,LAN,0.12962962962962962
MSP,LAS,0.17893217893217894
MSP,LAX,0.1860924535756618
MSP,LEX,0.1111111111111111
MSP,LGA,0.21898660454280722
MSP,LNK,0.12916666666666668
MSP,LSE,0.07120743034055728
MSP,MBS,0.1346153846153846
MSP,MCI,0.13570487483530963
MSP,MCO,0.1422893481717011
MSP,MDW,0.18962722852512157
MSP,MEM,0.09803921568627451
MSP,MIA,0.11731843575418995
MSP,MKE,0.12042175360710322
MSP,MLI,0.15384615384615385
MSP,MOT,0.16155088852988692
MSP,MSN,0.1527777777777778
MSP,MSO,0.11139240506329114
MSP,MSY,0.04460966542750929
MSP,OKC,0.16776315789473684
MSP,OMA,0.1519364448857994
MSP,ORD,0.26447264076130056
MSP,ORF,0.32967032967032966
MSP,PDX,0.12341197822141561
MSP,PHL,0.17001469867711905
MSP,PHX,0.1462605548854041
MSP,PIA,0.0
MSP,PIT,0.14470284237726097
MSP,PSC,0.12440191387559808
MSP,PSP,0.13986013986013987
MSP,RAP,0.13388734995383195
MSP,RDU,0.1712707182320442
MSP,RHI,0.1141804788213628
MSP,RIC,0.3793103448275862
MSP,RNO,0.0
MSP,ROC,0.22641509433962265
MSP,RST,0.21082621082621084
MSP,RSW,0.13580246913580246
MSP,SAN,0.1277533039647577
MSP,SAT,0.1989247311827957
MSP,SBN,0.18238993710691823
MSP,SDF,0.14473684210526316
MSP,SEA,0.1552467656923814
MSP,SFO,0.18633852335509793
MSP,SJC,0.11436170212765957
MSP,SJU,0.12195121951219512
MSP,SLC,0.10718954248366012
MSP,SMF,0.15124153498871332
MSP,SNA,0.11447368421052631
MSP,STL,0.1664882226980728
MSP,SYR,0.11811023622047244
MSP,TPA,0.12470023980815348
MSP,TTN,0.44370860927152317
MSP,TUL,0.1742857142857143
MSP,TUS,0.058823529411764705
MSP,TVC,0.13636363636363635
MSP,XNA,0.14666666666666667
MSY,ATL,0.1442392260334213
MSY,AUS,0.17028985507246377
MSY,BNA,0.11619718309859155
MSY,BOS,0.299625468164794
MSY,BWI,0.16172106824925817
MSY,CLT,0.1328847771236333
MSY,CMH,0.0
MSY,DAL,0.14906518443658415
MSY,DCA,0.18106312292358803
MSY,DEN,0.19798136645962733
MSY,DFW,0.16853385289819775
MSY,DTW,0.2515964240102171
MSY,EWR,0.23669923995656894
MSY,FLL,0.2585499316005472
MSY,HOU,0.143262987012987
MSY,IAD,0.03977272727272727
MSY,IAH,0.1608832807570978
MSY,JFK,0.23923444976076555
MSY,LAS,0.13345864661654136
MSY,LAX,0.14606741573033707
MSY,LGA,0.30563002680965146
MSY,MCI,0.1509433962264151
MSY,MCO,0.17929562433297758
MSY,MDW,0.19596541786743515
MSY,MIA,0.12903225806451613
MSY,MKE,0.11009174311926606
MSY,MSP,0.20074349442379183
MSY,OAK,0.13793103448275862
MSY,ORD,0.30185348631950576
MSY,PHL,0.19543973941368079
MSY,PHX,0.18429003021148035
MSY,SAN,0.15073529411764705
MSY,SAT,0.07865168539325842
MSY,SEA,0.15925925925925927
MSY,SFO,0.23717948717948717
MSY,SLC,0.06766917293233082
MSY,STL,0.14099783080260303
MSY,TPA,0.13670886075949368
MTJ,ATL,0.17391304347826086
MTJ,DEN,0.10242587601078167
MTJ,DFW,0.18666666666666668
MTJ,EWR,0.29411764705882354
MTJ,IAH,0.11038961038961038
MTJ,LAX,0.2916666666666667
MTJ,ORD,0.2980769230769231
MTJ,PHX,0.14814814814814814
MTJ,SFO,0.2
MVY,BOS,0.21428571428571427
MVY,JFK,0.2727272727272727
MYR,ACY,0.3068181818181818
MYR,ATL,0.1494345718901454
MYR,BOS,0.13076923076923078
MYR,BWI,0.25668449197860965
MYR,CLE,0.2236024844720497
MYR,CLT,0.0
MYR,CRW,0.171875
MYR,DFW,0.2786885245901639
MYR,DTW,0.1509433962264151
MYR,EWR,0.125
MYR,FLL,0.2515923566878981
MYR,IAG,0.22727272727272727
MYR,LBE,0.17647058823529413
MYR,LGA,0.32945736434108525
MYR,ORD,0.31981981981981983
MYR,PBG,0.43137254901960786
MYR,PHL,0.4124293785310734
OAJ,ATL,0.16538882803943045
OAK,ABQ,0.23124042879019907
OAK,ATL,1.0
OAK,AUS,0.1875
OAK,BNA,0.11304347826086956
OAK,BOI,0.22598870056497175
OAK,BOS,0.31683168316831684
OAK,BUR,0.1716519374575119
OAK,BWI,0.2054263565891473
OAK,CMH,0.07547169811320754
OAK,DAL,0.20334928229665072
OAK,DEN,0.2234359483614697
OAK,DFW,0.27340823970037453
OAK,GEG,0.22178988326848248
OAK,HNL,0.16783216783216784
OAK,HOU,0.16962524654832348
OAK,IAH,0.5276073619631901
OAK,JFK,0.21551724137931033
OAK,KOA,0.12773722627737227
OAK,LAS,0.16049382716049382
OAK,LAX,0.2856858451124826
OAK,LGB,0.10824108241082411
OAK,LIH,0.12804878048780488
OAK,MCI,0.20085470085470086
OAK,MDW,0.1523096129837703
OAK,MSY,0.31896551724137934
OAK,OGG,0.17647058823529413
OAK,ONT,0.2017291066282421
OAK,ORD,0.2111111111111111
OAK,PDX,0.19888734353268428
OAK,PHX,0.17815533980582524
OAK,SAN,0.2074074074074074
OAK,SEA,0.19148936170212766
OAK,SLC,0.12648893930799773
OAK,SNA,0.1376558603491272
OGG,ANC,0.17073170731707318
OGG,BLI,0.09259259259259259
OGG,DEN,0.14189189189189189
OGG,DFW,0.1163895486935867
OGG,HNL,0.1479946721918011
OGG,ITO,0.09724770642201835
OGG,KOA,0.1172106824925816
OGG,LAX,0.15412026726057906
OGG,LIH,0.13463324048282266
OGG,OAK,0.11623616236162361
OGG,ORD,0.32978723404255317
OGG,PDX,0.09030837004405286
OGG,PHX,0.0779816513761468
OGG,SAN,0.07741935483870968
OGG,SEA,0.19563058589870905
OGG,SFO,0.15684496826835903
OGG,SJC,0.12660550458715597
OGG,SMF,0.047619047619047616
OKC,ATL,0.10764331210191083
OKC,BWI,0.1553030303030303
OKC,DAL,0.14647137150466044
OKC,DEN,0.18017366136034732
OKC,DFW,0.18056195301704284
OKC,DTW,0.11023622047244094
OKC,EWR,0.23076923076923078
OKC,HOU,0.1771255060728745
OKC,IAD,0.16666666666666666
OKC,IAH,0.22976190476190475
OKC,LAS,0.15185185185185185
OKC,LAX,0.3218390804597701
OKC,MDW,0.15985130111524162
OKC,MSP,0.22039473684210525
OKC,ORD,0.26323218066337334
OKC,PHX,0.14446529080675422
OKC,SEA,0.0989010989010989
OKC,SFO,0.09293680297397769
OKC,SLC,0.09292929292929293
OKC,STL,0.19558359621451105
OMA,ATL,0.0865079365079365
OMA,DAL,0.07547169811320754
OMA,DCA,0.0
OMA,DEN,0.1976470588235294
OMA,DFW,0.1590909090909091
OMA,DTW,0.12956204379562045
OMA,EWR,0.2219730941704036
OMA,IAH,0.20523560209424083
OMA,LAS,0.10799438990182328
OMA,LAX,0.23809523809523808
OMA,LGA,0.2
OMA,MCO,0.08396946564885496
OMA,MDW,0.16214233308877476
OMA,MSP,0.1898989898989899
OMA,ORD,0.23011015911872704
OMA,PDX,1.0
OMA,PHX,0.14501510574018128
OMA,SEA,0.14022140221402213
OMA,SFO,0.0
OMA,SLC,0.08247422680412371
OMA,STL,0.13071895424836602
OME,ANC,0.20612244897959184
OME,OTZ,0.32432432432432434
ONT,ATL,0.3333333333333333
ONT,DEN,0.17989417989417988
ONT,DFW,0.15178571428571427
ONT,IAH,0.15192743764172337
ONT,LAS,0.2016348773841962
ONT,MDW,0.16091954022988506
ONT,OAK,0.19017341040462427
ONT,PDX,0.04882154882154882
ONT,PHX,0.18136850783182193
ONT,SEA,0.07346938775510205
ONT,SFO,0.22835990888382687
ONT,SJC,0.17298797409805736
ONT,SLC,0.06088082901554404
ONT,SMF,0.19586374695863748
ORD,ABE,0.23121387283236994
ORD,ABQ,0.256857855361596
ORD,ACY,0.3877551020408163
ORD,ALB,0.29428989751098095
ORD,ALO,0.23430962343096234
ORD,ANC,0.32761904761904764
ORD,ASE,0.37448559670781895
ORD,ATL,0.22700587084148727
ORD,ATW,0.19101123595505617
ORD,AUS,0.24803149606299213
ORD,AVL,0.2503937007874016
ORD,AVP,0.32673267326732675
ORD,AZO,0.18787878787878787
ORD,BDL,0.2697594501718213
ORD,BHM,0.2308673469387755
ORD,BIL,0.391304347826087
ORD,BIS,0.20300751879699247
ORD,BMI,0.16968011126564672
ORD,BNA,0.2586830680173661
ORD,BOI,0.39215686274509803
ORD,BOS,0.2579792256846081
ORD,BTV,0.27348066298342544
ORD,BUF,0.2524719841793013
ORD,BWI,0.29967948717948717
ORD,BZN,0.21658986175115208
ORD,CAE,0.2835820895522388
ORD,CAK,0.18795430944963656
ORD,CHA,0.1758957654723127
ORD,CHO,0.29545454545454547
ORD,CHS,0.21418826739427013
ORD,CID,0.21725239616613418
ORD,CLE,0.27160893493039817
ORD,CLT,0.20448684889118102
ORD,CMH,0.23929376408715253
ORD,CMI,0.21166791323859388
ORD,CMX,0.20874751491053678
ORD,COD,0.625
ORD,COS,0.3527027027027027
ORD,COU,0.33992094861660077
ORD,CRW,0.23690205011389523
ORD,CVG,0.23870364599563726
ORD,CWA,0.2303422756706753
ORD,DAY,0.20406189555125726
ORD,DBQ,0.21518987341772153
ORD,DCA,0.23992443324937027
ORD,DEN,0.335602899187349
ORD,DFW,0.2612291227501216
ORD,DLH,0.2
ORD,DSM,0.2599540581929556
ORD,DTW,0.24865991661703396
ORD,EAU,0.21880998080614203
ORD,EGE,0.25301204819277107
ORD,ELM,0.2605042016806723
ORD,ELP,0.2979214780600462
ORD,ERI,0.18962075848303392
ORD,EVV,0.20046082949308755
ORD,EWR,0.3070088845014807
ORD,FAI,0.6111111111111112
ORD,FAR,0.2370012091898428
ORD,FCA,0.264
ORD,FLL,0.22338308457711442
ORD,FNT,0.19821059876118377
ORD,FSD,0.23705057891529555
ORD,FWA,0.19776536312849163
ORD,GRB,0.19935691318327975
ORD,GRR,0.22657580919931858
ORD,GSO,0.12912087912087913
ORD,GSP,0.20722135007849293
ORD,GUC,0.26666666666666666
ORD,HDN,0.2608695652173913
ORD,HNL,0.39925373134328357
ORD,HPN,0.20257695060844666
ORD,HSV,0.25946969696969696
ORD,IAD,0.2510769230769231
ORD,IAH,0.30972644376899694
ORD,ICT,0.2768264840182648
ORD,IND,0.19974226804123713
ORD,JAC,0.29775280898876405
ORD,JAN,0.20127118644067796
ORD,JAX,0.2536764705882353
ORD,JFK,0.294435857805255
ORD,LAN,0.19491525423728814
ORD,LAS,0.3070350327542011
ORD,LAX,0.2793401413982718
ORD,LBE,0.2826086956521739
ORD,LEX,0.197084917617237
ORD,LGA,0.26349460215913634
ORD,LIT,0.26570915619389585
ORD,LNK,0.22104144527098832
ORD,LSE,0.2047670639219935
ORD,MBS,0.21224489795918366
ORD,MCI,0.262085032032615
ORD,MCO,0.2690414132638286
ORD,MDT,0.24440894568690097
ORD,MEM,0.2511037527593819
ORD,MHK,0.23107569721115537
ORD,MHT,0.25190839694656486
ORD,MIA,0.21558674231113764
ORD,MKE,0.23998959958398336
ORD,MKG,0.21031746031746032
ORD,MLI,0.20636152055857254
ORD,MOB,0.2747747747747748
ORD,MQT,0.3173913043478261
ORD,MSN,0.20813204508856684
ORD,MSP,0.3034414945919371
ORD,MSY,0.2815198618307427
ORD,MTJ,0.3113207547169811
ORD,MYR,0.39473684210526316
ORD,OAK,0.22388059701492538
ORD,OGG,0.2978723404255319
ORD,OKC,0.27766323024054984
ORD,OMA,0.24080882352941177
ORD,ORF,0.2633279483037157
ORD,PAH,0.2174757281553398
ORD,PBI,0.1867881548974943
ORD,PDX,0.2510074841681059
ORD,PHL,0.24189659791052773
ORD,PHX,0.2158252977878616
ORD,PIA,0.17906008328375966
ORD,PIT,0.23705179282868527
ORD,PNS,0.14
ORD,PSP,0.1824561403508772
ORD,PVD,0.29222520107238603
ORD,PWM,0.26848249027237353
ORD,RAP,0.29085872576177285
ORD,RDU,0.2736220472440945
ORD,RIC,0.21850273889227023
ORD,RNO,0.28700906344410876
ORD,ROA,0.22913256955810146
ORD,ROC,0.19418960244648317
ORD,RST,0.19961051606621227
ORD,RSW,0.24158563949139866
ORD,SAN,0.2412037037037037
ORD,SAT,0.2987598647125141
ORD,SAV,0.21304347826086956
ORD,SBN,0.2659217877094972
ORD,SCE,0.3078393881453155
ORD,SDF,0.20904645476772615
ORD,SEA,0.22695035460992907
ORD,SFO,0.26747357654278897
ORD,SGF,0.2421827099938688
ORD,SJC,0.23177570093457944
ORD,SJU,0.16281895504252733
ORD,SLC,0.2714708785784798
ORD,SMF,0.3198090692124105
ORD,SNA,0.21255760368663595
ORD,SPI,0.22831632653061223
ORD,SRQ,0.1759656652360515
ORD,STC,0.38961038961038963
ORD,STL,0.24616905585763718
ORD,STT,0.16666666666666666
ORD,SUX,0.24691358024691357
ORD,SYR,0.2403924775143091
ORD,TOL,0.16846361185983827
ORD,TPA,0.28186528497409324
ORD,TTN,0.21739130434782608
ORD,TUL,0.23170731707317074
ORD,TUS,0.24123711340206186
ORD,TVC,0.19544198895027623
ORD,TYS,0.26773455377574373
ORD,XNA,0.2677127912505944
ORF,ATL,0.09829257037378865
ORF,BWI,0.19572553430821146
ORF,CLT,0.09610389610389611
ORF,DFW,0.16334661354581673
ORF,DTW,0.13996316758747698
ORF,EWR,0.20714285714285716
ORF,IAD,0.13513513513513514
ORF,IAH,0.3261802575107296
ORF,JFK,0.27522935779816515
ORF,LGA,0.3611940298507463
ORF,MCO,0.1339031339031339
ORF,MDW,0.18791946308724833
ORF,MIA,0.20535714285714285
ORF,MSP,0.1
ORF,ORD,0.23672230652503792
ORF,TPA,0.6666666666666666
ORH,FLL,0.234375
ORH,MCO,0.13178294573643412
OTH,DEN,0.19230769230769232
OTH,SFO,0.2898550724637681
OTZ,ANC,0.16831683168316833
OTZ,OME,0.2850678733031674
PAH,ORD,0.1328125
PBG,FLL,0.3045977011494253
PBG,MYR,0.4
PBI,ACY,0.20388349514563106
PBI,ATL,0.12566215420835786
PBI,BDL,0.3272058823529412
PBI,BOS,0.32757201646090534
PBI,BWI,0.22467532467532467
PBI,CLT,0.12177985948477751
PBI,DCA,0.208
PBI,DEN,0.23333333333333334
PBI,DFW,0.13991163475699558
PBI,DTW,0.2202797202797203
PBI,EWR,0.22086513994910942
PBI,HPN,0.28780487804878047
PBI,IAD,0.42857142857142855
PBI,IAH,0.2215568862275449
PBI,ISP,0.2413793103448276
PBI,JFK,0.2727882037533512
PBI,LAX,0.15584415584415584
PBI,LGA,0.3149955634427684
PBI,MDW,0.14285714285714285
PBI,ORD,0.21184510250569477
PBI,PHL,0.1959378733572282
PBI,PIT,0.4
PBI,PVD,0.1875
PBI,TTN,0.4375
PDX,ABQ,0.11560693641618497
PDX,ANC,0.09009009009009009
PDX,ATL,0.08990011098779134
PDX,AUS,0.07142857142857142
PDX,BOS,0.13053613053613053
PDX,BUR,0.07822685788787484
PDX,BWI,0.3709677419354839
PDX,BZN,0.017543859649122806
PDX,CLT,0.13063063063063063
PDX,DAL,0.15517241379310345
PDX,DCA,0.08791208791208792
PDX,DEN,0.1410162002945508
PDX,DFW,0.14594240837696335
PDX,DTW,0.09659090909090909
PDX,EWR,0.0996309963099631
PDX,FAT,0.1282051282051282
PDX,HNL,0.18370883882149047
PDX,HOU,0.3225806451612903
PDX,IAD,0.06043956043956044
PDX,IAH,0.13001605136436598
PDX,JFK,0.17012448132780084
PDX,KOA,0.09565217391304348
PDX,LAS,0.14037626628075253
PDX,LAX,0.1776184786937475
PDX,LGB,0.088
PDX,LIH,0.09230769230769231
PDX,MCI,0.025735294117647058
PDX,MDW,0.09441233140655106
PDX,MSP,0.04818181818181818
PDX,OAK,0.19126819126819128
PDX,OGG,0.12938596491228072
PDX,ONT,0.07394957983193277
PDX,ORD,0.17545871559633028
PDX,PHL,0.11724137931034483
PDX,PHX,0.09732748304746709
PDX,PSP,0.11961722488038277
PDX,SAN,0.13453237410071942
PDX,SBA,0.07749077490774908
PDX,SEA,0.1411917098445596
PDX,SFO,0.18437862950058073
PDX,SJC,0.12094064949608063
PDX,SLC,0.09442970822281167
PDX,SMF,0.16436251920122888
PDX,SNA,0.10913404507710557
PDX,STL,0.01098901098901099
PDX,TUS,0.15483870967741936
PHF,ATL,0.19545903257650543
PHF,DEN,0.5
PHL,ATL,0.19883589936162224
PHL,AUS,0.23106060606060605
PHL,BNA,0.16024340770791076
PHL,BOS,0.23370839193624005
PHL,BWI,0.5714285714285714
PHL,CLE,0.18627450980392157
PHL,CLT,0.19439935064935066
PHL,DAL,0.05660377358490566
PHL,DCA,0.325
PHL,DEN,0.1989824759751272
PHL,DFW,0.22487046632124352
PHL,DTW,0.18861209964412812
PHL,FLL,0.25936599423631124
PHL,IAH,0.23642533936651583
PHL,IND,0.24110671936758893
PHL,JAX,0.19631901840490798
PHL,LAS,0.2350974930362117
PHL,LAX,0.2212041884816754
PHL,LGA,0.2192513368983957
PHL,MCO,0.24454261954261955
PHL,MDW,0.19359145527369825
PHL,MIA,0.28751753155680226
PHL,MSP,0.1971554683668465
PHL,MSY,0.1465798045602606
PHL,MYR,0.398876404494382
PHL,ORD,0.24986580783682233
PHL,PBI,0.25357142857142856
PHL,PDX,0.2534246575342466
PHL,PHX,0.20869565217391303
PHL,PIT,0.20641562064156208
PHL,PVD,0.09090909090909091
PHL,RDU,0.25745682888540034
PHL,RIC,0.16666666666666666
PHL,RSW,0.2607449856733524
PHL,SAN,0.19284603421461896
PHL,SAT,0.2324561403508772
PHL,SEA,0.22904368358913813
PHL,SFO,0.21720818291215402
PHL,SJU,0.2887323943661972
PHL,SLC,0.2326454033771107
PHL,SMF,0.30666666666666664
PHL,STL,0.21792260692464357
PHL,STT,0.2640449438202247
PHL,TPA,0.2153209109730849
PHX,ABQ,0.17877629063097514
PHX,ANC,0.1513157894736842
PHX,ATL,0.14973082099596233
PHX,AUS,0.22783825816485226
PHX,BFL,0.16165951359084407
PHX,BNA,0.2582781456953642
PHX,BOI,0.18909899888765294
PHX,BOS,0.2361111111111111
PHX,BUF,0.30996309963099633
PHX,BUR,0.18639633747547416
PHX,BWI,0.19645608628659475
PHX,CLE,0.24587458745874588
PHX,CLT,0.1820947414167753
PHX,CMH,0.21257142857142858
PHX,CVG,0.16666666666666666
PHX,DAL,0.24849527085124679
PHX,DCA,0.25412960609911056
PHX,DEN,0.20425312982335792
PHX,DFW,0.18319928507596067
PHX,DRO,0.11851851851851852
PHX,DSM,0.1348314606741573
PHX,DTW,0.1557231588287489
PHX,ELP,0.23986765922249792
PHX,EWR,0.19110576923076922
PHX,FAT,0.15158924205378974
PHX,FLG,0.16603198781416603
PHX,FLL,0.22145328719723184
PHX,GEG,0.13093709884467267
PHX,GJT,0.15345911949685534
PHX,HNL,0.2797814207650273
PHX,HOU,0.2308362369337979
PHX,IAD,0.03663003663003663
PHX,IAH,0.17924879137225735
PHX,IND,0.2184950135992747
PHX,JFK,0.231058570660935
PHX,KOA,0.25
PHX,LAS,0.1854171326325207
PHX,LAX,0.2540187541862023
PHX,LGB,0.0
PHX,LIH,0.25874125874125875
PHX,LIT,0.15129151291512916
PHX,MCI,0.20066445182724252
PHX,MCO,0.21042830540037244
PHX,MDW,0.19003789929615592
PHX,MIA,0.2125506072874494
PHX,MKE,0.19465977605512488
PHX,MRY,0.158004158004158
PHX,MSP,0.15167017755040627
PHX,MSY,0.15568862275449102
PHX,MTJ,0.2222222222222222
PHX,OAK,0.20509055310817426
PHX,OGG,0.24774774774774774
PHX,OKC,0.29135338345864664
PHX,OMA,0.1632047477744807
PHX,ONT,0.26124284546197873
PHX,ORD,0.21695972773681224
PHX,PDX,0.17722023098367184
PHX,PHL,0.2087087087087087
PHX,PIT,0.16253101736972705
PHX,PSP,0.165
PHX,RDU,0.19607843137254902
PHX,RNO,0.1656005685856432
PHX,SAN,0.20173326913818007
PHX,SAT,0.23026315789473684
PHX,SBA,0.1288135593220339
PHX,SBP,0.1336206896551724
PHX,SDF,0.14285714285714285
PHX,SEA,0.15186426476749057
PHX,SFO,0.22679888126112382
PHX,SJC,0.18242710795902287
PHX,SLC,0.1453386103781882
PHX,SMF,0.18944099378881987
PHX,SNA,0.15372168284789645
PHX,STL,0.1716884593519045
PHX,TPA,0.20963855421686747
PHX,TUL,0.3083511777301927
PHX,TUS,0.14138286893704852
PHX,YUM,0.12614980289093297
PIA,ATL,0.20251396648044692
PIA,DEN,0.75
PIA,DFW,0.2085635359116022
PIA,DTW,0.17869415807560138
PIA,IAH,0.1306532663316583
PIA,MSP,0.0
PIA,ORD,0.20416666666666666
PIB,DFW,0.3125
PIB,MEI,0.09665427509293681
PIH,SLC,0.05904059040590406
PIT,ATL,0.10582010582010581
PIT,BNA,0.06296296296296296
PIT,BOS,0.1918238993710692
PIT,BWI,0.14073071718538566
PIT,CLT,0.11201216421692854
PIT,CVG,0.5
PIT,DAL,0.018867924528301886
PIT,DCA,1.0
PIT,DEN,0.15598548972188633
PIT,DFW,0.1437125748502994
PIT,DTW,0.14106583072100312
PIT,EWR,0.18333333333333332
PIT,FLL,0.11323763955342903
PIT,HOU,0.183206106870229
PIT,IAD,0.20853080568720378
PIT,IAH,0.19428571428571428
PIT,JFK,0.42138364779874216
PIT,LAS,0.09533468559837728
PIT,LAX,0.10526315789473684
PIT,LGA,0.3246753246753247
PIT,MCO,0.16378600823045267
PIT,MDW,0.14275568181818182
PIT,MSP,0.13808463251670378
PIT,ORD,0.24431818181818182
PIT,PBI,0.2
PIT,PHL,0.23293172690763053
PIT,PHX,0.12903225806451613
PIT,RSW,0.1331521739130435
PIT,SFO,0.11483253588516747
PIT,TPA,0.1347517730496454
PLN,DTW,0.13911620294599017
PNS,ATL,0.11009174311926606
PNS,BNA,0.16913319238900634
PNS,DCA,0.0
PNS,DFW,0.21114369501466276
PNS,HOU,0.1962962962962963
PNS,IAH,0.16417910447761194
PNS,MDW,0.17857142857142858
PNS,MIA,0.21920668058455114
PNS,ORD,0.23
PPG,HNL,0.3103448275862069
PSC,DEN,0.17509025270758122
PSC,MSP,0.09047619047619047
PSC,SFO,0.08813559322033898
PSC,SLC,0.046357615894039736
PSE,JFK,0.20532319391634982
PSE,MCO,0.11550151975683891
PSG,JNU,0.1970260223048327
PSG,WRG,0.2537313432835821
PSP,DEN,0.19082125603864733
PSP,DFW,0.17424242424242425
PSP,IAH,0.3696969696969697
PSP,JFK,0.12
PSP,LAX,0.21363636363636362
PSP,MSP,0.1702127659574468
PSP,ORD,0.24468085106382978
PSP,PDX,0.09178743961352658
PSP,PHX,0.1467430207587688
PSP,SEA,0.1156773211567732
PSP,SFO,0.23327412670219064
PSP,SLC,0.09499136442141623
PUB,DEN,0.16205533596837945
PVD,ATL,0.13054830287206268
PVD,BWI,0.1665827881227982
PVD,CLT,0.1701863354037267
PVD,DCA,0.18604651162790697
PVD,DTW,0.1273006134969325
PVD,EWR,0.29310344827586204
PVD,FLL,0.18425196850393702
PVD,IAD,0.25862068965517243
PVD,MCO,0.18470149253731344
PVD,MDW,0.1457725947521866
PVD,ORD,0.26763990267639903
PVD,PBI,0.09375
PVD,PHL,0.11764705882352941
PVD,RSW,0.0625
PVD,TPA,0.14444444444444443
PWM,ATL,0.11049723756906077
PWM,BWI,0.14949748743718594
PWM,CLT,0.10984848484848485
PWM,DCA,0.12195121951219512
PWM,DTW,0.15424164524421594
PWM,EWR,0.3319587628865979
PWM,JFK,0.17301750772399588
PWM,LGA,0.09615384615384616
PWM,MCO,0.0
PWM,MDW,0.1111111111111111
PWM,ORD,0.24064171122994651
RAP,ATL,0.13333333333333333
RAP,DEN,0.1900990099009901
RAP,DFW,0.21728395061728395
RAP,IAH,0.30434782608695654
RAP,MSP,0.11315547378104876
RAP,ORD,0.18882978723404256
RAP,SLC,0.09696969696969697
RDD,SFO,0.14358108108108109
RDM,DEN,0.17464788732394365
RDM,LAX,0.1729957805907173
RDM,SFO,0.1694915254237288
RDM,SLC,0.029166666666666667
RDU,ATL,0.14210387556024257
RDU,BDL,0.25136612021857924
RDU,BNA,0.16073781291172595
RDU,BOS,0.2073170731707317
RDU,BWI,0.16955684007707128
RDU,CLE,0.2823529411764706
RDU,CLT,0.15483476132190943
RDU,CVG,0.3333333333333333
RDU,DAL,0.0
RDU,DCA,0.5185185185185185
RDU,DEN,0.1001669449081803
RDU,DFW,0.1743912018853103
RDU,DTW,0.125
RDU,EWR,0.2563237774030354
RDU,FLL,0.1440162271805274
RDU,HOU,0.21717171717171718
RDU,IAD,0.23529411764705882
RDU,IAH,0.2167381974248927
RDU,JFK,0.26691176470588235
RDU,LAS,0.07037037037037037
RDU,LAX,0.1873156342182891
RDU,LGA,0.33891992551210426
RDU,MCO,0.17541613316261204
RDU,MDW,0.14518002322880372
RDU,MIA,0.19382716049382717
RDU,MSP,0.16018306636155608
RDU,ORD,0.23551877784850414
RDU,PHF,1.0
RDU,PHL,0.20476190476190476
RDU,PHX,0.2413793103448276
RDU,SFO,0.1366906474820144
RDU,STL,0.11956521739130435
RDU,TPA,0.16739446870451238
RDU,TTN,0.18433179723502305
RHI,IMT,0.12173913043478261
RHI,MSP,0.2936802973977695
RIC,ATL,0.1394395078605605
RIC,BOS,0.1810481736368449
RIC,CAE,1.0
RIC,CLT,0.13233923578751164
RIC,CVG,0.0
RIC,DFW,0.18093699515347333
RIC,DTW,0.16593245227606462
RIC,EWR,0.2050314465408805
RIC,FLL,0.1895910780669145
RIC,IAD,0.1388888888888889
RIC,IAH,0.2589073634204275
RIC,LGA,0.34026465028355385
RIC,MCO,0.06618962432915922
RIC,MIA,0.2
RIC,MSP,0.2366412213740458
RIC,ORD,0.2279924002533249
RIC,PHL,0.0
RKS,DEN,0.10236220472440945
RKS,GCC,0.07407407407407407
RKS,SLC,0.03571428571428571
RNO,DEN,0.11769911504424779
RNO,DFW,0.16181229773462782
RNO,IAH,0.06666666666666667
RNO,JFK,0.2777777777777778
RNO,LAS,0.1595744680851064
RNO,LAX,0.31704337202199145
RNO,MDW,0.25116279069767444
RNO,MSP,0.1111111111111111
RNO,ORD,0.16109422492401215
RNO,PHX,0.12
RNO,SAN,0.13284132841328414
RNO,SFO,0.22247191011235956
RNO,SLC,0.06905370843989769
ROA,ATL,0.18121363258520365
ROA,IAD,0.2
ROA,ORD,0.21231766612641814
ROC,ATL,0.11040609137055837
ROC,BWI,0.21361058601134217
ROC,CLT,0.13846153846153847
ROC,DTW,0.11602209944751381
ROC,EWR,0.22348484848484848
ROC,IAD,0.2727272727272727
ROC,JFK,0.16193853427895982
ROC,LGA,0.2621951219512195
ROC,MCO,0.1303030303030303
ROC,MDW,0.17346938775510204
ROC,MSP,0.07547169811320754
ROC,ORD,0.20166793025018953
ROC,TPA,0.144
ROW,DFW,0.18086500655307994
RST,ATL,0.18631178707224336
RST,CLE,1.0
RST,DTW,0.25
RST,MSP,0.3050847457627119
RST,ORD,0.1898238747553816
RSW,ACY,0.2956989247311828
RSW,ALB,0.4
RSW,ATL,0.1104199066874028
RSW,BDL,0.22846441947565543
RSW,BNA,0.18811881188118812
RSW,BOS,0.29762878168438267
RSW,BUF,0.1038961038961039
RSW,BWI,0.17016806722689076
RSW,CAK,0.23134328358208955
RSW,CLE,0.28348214285714285
RSW,CLT,0.1165821868211441
RSW,CMH,0.1435523114355231
RSW,CVG,0.21908127208480566
RSW,DCA,0.20253164556962025
RSW,DEN,0.18770226537216828
RSW,DFW,0.1897891231964484
RSW,DTW,0.1716357775987107
RSW,EWR,0.1778185151237397
RSW,FNT,0.3
RSW,GRR,0.18478260869565216
RSW,HOU,0.23529411764705882
RSW,HPN,0.13157894736842105
RSW,IAD,0.3058823529411765
RSW,IAH,0.09917355371900827
RSW,IND,0.18831168831168832
RSW,ISP,0.037037037037037035
RSW,JFK,0.2646420824295011
RSW,LBE,0.2558139534883721
RSW,LGA,0.3312
RSW,MCI,0.12
RSW,MDW,0.16770186335403728
RSW,MKE,0.16030534351145037
RSW,MSP,0.17397260273972603
RSW,ORD,0.2556053811659193
RSW,PHL,0.19285714285714287
RSW,PIT,0.15649867374005305
RSW,PVD,0.14285714285714285
RSW,STL,0.16517857142857142
RSW,TTN,0.2814814814814815
SAF,DEN,0.1602787456445993
SAF,DFW,0.21887287024901703
SAF,LAX,0.26146788990825687
SAN,ABQ,0.20717131474103587
SAN,ATL,0.0733173076923077
SAN,AUS,0.229126213592233
SAN,BNA,0.13043478260869565
SAN,BOI,0.13382899628252787
SAN,BOS,0.16774193548387098
SAN,BWI,0.16958041958041958
SAN,CLT,0.17555938037865748
SAN,CVG,0.0
SAN,DAL,0.19889502762430938
SAN,DEN,0.18012422360248448
SAN,DFW,0.14065438134637082
SAN,DTW,0.10623946037099494
SAN,EWR,0.15849056603773584
SAN,FAT,0.17333333333333334
SAN,HNL,0.33589251439539347
SAN,HOU,0.20795660036166366
SAN,IAD,0.15849843587069865
SAN,IAH,0.16188373804267844
SAN,JFK,0.1887072808320951
SAN,KOA,0.0898876404494382
SAN,LAS,0.21565686862627476
SAN,LAX,0.21442170395049975
SAN,LIH,0.08092485549132948
SAN,MCI,0.24390243902439024
SAN,MCO,0.2482758620689655
SAN,MDW,0.15487179487179487
SAN,MIA,0.11974110032362459
SAN,MKE,0.2222222222222222
SAN,MSP,0.06415929203539823
SAN,MSY,0.1801470588235294
SAN,OAK,0.18353765323992996
SAN,OGG,0.0967741935483871
SAN,ORD,0.16651119402985073
SAN,PDX,0.10496046010064701
SAN,PHL,0.16925465838509315
SAN,PHX,0.1851763012712881
SAN,RNO,0.208955223880597
SAN,SAT,0.20038910505836577
SAN,SEA,0.12069617858494136
SAN,SFO,0.23330914368650219
SAN,SJC,0.220703933747412
SAN,SLC,0.08247422680412371
SAN,SMF,0.1948109058927001
SAN,STL,0.1437125748502994
SAN,TUS,0.22162883845126835
SAT,ATL,0.11827956989247312
SAT,BNA,0.06904231625835189
SAT,BWI,0.17151607963246554
SAT,CLT,0.15748031496062992
SAT,DAL,0.1736139214892756
SAT,DEN,0.1609353507565337
SAT,DFW,0.136004217185029
SAT,DTW,0.14380530973451328
SAT,ELP,0.16422287390029325
SAT,EWR,0.22564102564102564
SAT,HOU,0.1826003824091778
SAT,IAD,0.0
SAT,IAH,0.156957928802589
SAT,JFK,0.06074766355140187
SAT,LAS,0.11601150527325024
SAT,LAX,0.23397435897435898
SAT,MCO,0.20567375886524822
SAT,MDW,0.22182468694096602
SAT,MIA,0.17391304347826086
SAT,MSP,0.16551724137931034
SAT,MSY,0.10285714285714286
SAT,ORD,0.21242937853107344
SAT,PHL,0.125
SAT,PHX,0.12269031781226904
SAT,SAN,0.16116504854368932
SAT,SEA,0.1323529411764706
SAT,SFO,0.21379310344827587
SAT,SLC,0.03711790393013101
SAT,STL,0.158953722334004
SAT,TPA,0.22900763358778625
SAV,ATL,0.12514665623777865
SAV,BOS,0.15849056603773584
SAV,DFW,0.2543352601156069
SAV,DTW,0.3263888888888889
SAV,EWR,0.2952755905511811
SAV,IAD,0.2235294117647059
SAV,IAH,0.18611111111111112
SAV,JFK,0.29775280898876405
SAV,LGA,0.2883435582822086
SAV,ORD,0.21428571428571427
SBA,DEN,0.16085271317829458
SBA,LAX,0.20701168614357263
SBA,PDX,0.14391143911439114
SBA,PHX,0.08418657565415244
SBA,SEA,0.07253886010362694
SBA,SFO,0.24494649227110582
SBN,ATL,0.17541899441340783
SBN,COS,1.0
SBN,DTW,0.17657992565055763
SBN,EWR,0.1450980392156863
SBN,IAH,0.0
SBN,MSP,0.13530655391120508
SBN,ORD,0.24604966139954854
SBP,LAX,0.24054054054054055
SBP,PHX,0.08057553956834532
SBP,SFO,0.21248499399759904
SCC,ANC,0.08108108108108109
SCC,BRW,0.16827852998065765
SCE,ATL,0.17857142857142858
SCE,DTW,0.10576923076923077
SCE,ORD,0.21714285714285714
SDF,ATL,0.11706881143878463
SDF,BWI,0.18669527896995708
SDF,CLT,0.0
SDF,DCA,0.5
SDF,DEN,0.1981981981981982
SDF,DFW,0.19313304721030042
SDF,DTW,0.25
SDF,EWR,0.2158894645941278
SDF,IAD,0.07142857142857142
SDF,IAH,0.2904191616766467
SDF,LAS,0.16785714285714284
SDF,LGA,0.3069306930693069
SDF,MCO,0.1152542372881356
SDF,MDW,0.17819706498951782
SDF,MSP,0.22666666666666666
SDF,ORD,0.2357487922705314
SDF,PHX,0.05204460966542751
SDF,TPA,0.09933774834437085
SEA,ABQ,0.06936416184971098
SEA,ANC,0.1767853847573353
SEA,ATL,0.12385740402193784
SEA,AUS,0.20058997050147492
SEA,BLI,0.1935483870967742
SEA,BNA,0.21138211382113822
SEA,BOI,0.1466275659824047
SEA,BOS,0.19617224880382775
SEA,BUR,0.1375598086124402
SEA,BWI,0.11795774647887323
SEA,BZN,0.12307692307692308
SEA,CLE,0.11333333333333333
SEA,CLT,0.18311874105865522
SEA,COS,0.17228464419475656
SEA,CVG,0.10084033613445378
SEA,DAL,0.29955947136563876
SEA,DCA,0.148975791433892
SEA,DEN,0.17285748968196163
SEA,DFW,0.1738530527768196
SEA,DTW,0.11866581141757537
SEA,EWR,0.16051364365971107
SEA,FAI,0.1440291704649043
SEA,FAT,0.1503448275862069
SEA,FLL,0.13602941176470587
SEA,GEG,0.15233320478210566
SEA,HDN,0.2631578947368421
SEA,HNL,0.21912072575017447
SEA,HOU,0.2465753424657534
SEA,IAD,0.12403100775193798
SEA,IAH,0.15962698848052662
SEA,JAC,0.16666666666666666
SEA,JFK,0.21858248957712925
SEA,JNU,0.1763668430335097
SEA,KOA,0.203125
SEA,KTN,0.1774622892635315
SEA,LAS,0.14875216209537928
SEA,LAX,0.18746972388180203
SEA,LGB,0.1593984962406015
SEA,LIH,0.12962962962962962
SEA,MCI,0.1619718309859155
SEA,MCO,0.10256410256410256
SEA,MDW,0.15252293577981652
SEA,MIA,0.15384615384615385
SEA,MKE,0.07451923076923077
SEA,MSP,0.12206797510770703
SEA,MSY,0.16605166051660517
SEA,OAK,0.19945883262466177
SEA,OGG,0.20520520520520522
SEA,OKC,0.03296703296703297
SEA,OMA,0.1391941391941392
SEA,ONT,0.10476190476190476
SEA,ORD,0.16641080749155665
SEA,PDX,0.17065287653522948
SEA,PHL,0.17249417249417248
SEA,PHX,0.14285714285714285
SEA,PSP,0.11550151975683891
SEA,SAN,0.14086102719033233
SEA,SAT,0.16483516483516483
SEA,SBA,0.14138817480719795
SEA,SFO,0.2241410325598129
SEA,SIT,0.18072289156626506
SEA,SJC,0.15460526315789475
SEA,SLC,0.12205722564288302
SEA,SMF,0.17413113579362235
SEA,SNA,0.08931860036832412
SEA,STL,0.1377672209026128
SEA,TPA,0.18315018315018314
SEA,TUS,0.10067114093959731
SFO,ABQ,0.20955882352941177
SFO,ACV,0.23823529411764705
SFO,ANC,0.2689655172413793
SFO,ASE,0.27044025157232704
SFO,ATL,0.11639597834493426
SFO,AUS,0.2117787031528852
SFO,BFL,0.16322701688555347
SFO,BOI,0.22940655447298494
SFO,BOS,0.18630223060006285
SFO,BUR,0.1872037914691943
SFO,BWI,0.23605150214592274
SFO,BZN,0.20481927710843373
SFO,CEC,0.22285714285714286
SFO,CLE,0.25
SFO,CLT,0.12508497620666215
SFO,COS,0.2
SFO,CVG,0.10880829015544041
SFO,DAL,0.22612085769980506
SFO,DCA,0.17407407407407408
SFO,DEN,0.21660830415207605
SFO,DFW,0.20470073790653184
SFO,DTW,0.10526315789473684
SFO,EUG,0.20366598778004075
SFO,EWR,0.17984339479666583
SFO,FAT,0.23633879781420766
SFO,FLL,0.24948875255623723
SFO,HDN,0.08333333333333333
SFO,HNL,0.3054156171284635
SFO,IAD,0.15452616690240453
SFO,IAH,0.262372634643377
SFO,IND,0.18725099601593626
SFO,JAC,0.3310810810810811
SFO,JFK,0.17517831669044223
SFO,KOA,0.1882770870337478
SFO,LAS,0.1979876160990712
SFO,LAX,0.2742873218304576
SFO,LGB,0.18339529120198264
SFO,LIH,0.1864864864864865
SFO,MCI,0.25109170305676853
SFO,MCO,0.22152886115444617
SFO,MDW,0.15987460815047022
SFO,MFR,0.20925747348119575
SFO,MIA,0.20465686274509803
SFO,MKE,0.1289308176100629
SFO,MMH,0.1885245901639344
SFO,MRY,0.17519379844961241
SFO,MSN,1.0
SFO,MSO,0.28888888888888886
SFO,MSP,0.12581781580271767
SFO,MSY,0.20754716981132076
SFO,MTJ,0.24
SFO,OGG,0.24326750448833034
SFO,OKC,0.3210332103321033
SFO,OMA,0.0
SFO,ONT,0.1947608200455581
SFO,ORD,0.2030742954739539
SFO,OTH,0.3155339805825243
SFO,PDX,0.16801853997682503
SFO,PHL,0.16121356335514575
SFO,PHX,0.17798774259448416
SFO,PIT,0.13744075829383887
SFO,PSC,0.19594594594594594
SFO,PSP,0.2195845697329377
SFO,RDD,0.23737373737373738
SFO,RDM,0.19444444444444445
SFO,RDU,0.17857142857142858
SFO,RNO,0.20240782543265612
SFO,SAN,0.18201674554058975
SFO,SAT,0.28113879003558717
SFO,SBA,0.18694362017804153
SFO,SBP,0.16805721096543505
SFO,SEA,0.17944157922817003
SFO,SLC,0.20598388952819333
SFO,SMF,0.22496025437201908
SFO,SMX,0.19727891156462585
SFO,SNA,0.17083091226031377
SFO,STL,0.2549019607843137
SFO,SUN,0.2887323943661972
SFO,TUS,0.32023575638506874
SGF,ATL,0.183206106870229
SGF,DEN,0.17456896551724138
SGF,DFW,0.21085011185682326
SGF,ORD,0.24403341288782815
SGU,DEN,0.14644351464435146
SGU,SLC,0.06444906444906445
SHV,ATL,0.15945611866501855
SHV,DEN,0.23715415019762845
SHV,DFW,0.29035874439461884
SHV,IAH,0.18381112984822934
SIT,JNU,0.14205607476635515
SIT,KTN,0.18888888888888888
SIT,SEA,0.12316715542521994
SJC,ATL,0.18636363636363637
SJC,AUS,0.20080321285140562
SJC,BOS,0.3125
SJC,BUR,0.1516052318668252
SJC,DAL,0.3179190751445087
SJC,DEN,0.15286624203821655
SJC,DFW,0.12080536912751678
SJC,HNL,0.24836601307189543
SJC,IAH,0.11357340720221606
SJC,JFK,0.2290748898678414
SJC,KOA,0.12650602409638553
SJC,LAS,0.19373345101500442
SJC,LAX,0.2744952769031302
SJC,LIH,0.1346153846153846
SJC,MDW,0.20817843866171004
SJC,MSP,0.072
SJC,OGG,0.19337016574585636
SJC,ONT,0.19452313503305005
SJC,ORD,0.15601503759398497
SJC,PDX,0.12513966480446928
SJC,PHX,0.16483084185680566
SJC,SAN,0.20173267326732675
SJC,SEA,0.12238180730101736
SJC,SLC,0.07476635514018691
SJC,SNA,0.13744292237442923
SJT,DFW,0.21152328334648776
SJU,ATL,0.08448275862068966
SJU,BDL,0.34877384196185285
SJU,BOS,0.26393629124004553
SJU,BWI,0.1194331983805668
SJU,CLE,0.2972972972972973
SJU,CLT,0.1832191780821918
SJU,DCA,0.24814814814814815
SJU,DFW,0.06359649122807018
SJU,DTW,0.23529411764705882
SJU,EWR,0.33953997809419495
SJU,FLL,0.16402356139555957
SJU,HOU,0.20689655172413793
SJU,IAD,0.2033898305084746
SJU,IAH,0.17
SJU,JFK,0.17903808729496803
SJU,MCO,0.16249559393725765
SJU,MIA,0.16915167095115682
SJU,MSP,0.07142857142857142
SJU,ORD,0.24604141291108406
SJU,PHL,0.24852767962308597
SJU,STT,0.09225092250922509
SJU,STX,0.1801470588235294
SJU,TPA,0.1686046511627907
SLC,ABQ,0.09254498714652956
SLC,ANC,0.23469387755102042
SLC,ATL,0.10052405907575036
SLC,AUS,0.11652542372881355
SLC,BIL,0.097926267281106
SLC,BNA,0.13284132841328414
SLC,BOI,0.09887459807073955
SLC,BOS,0.13559322033898305
SLC,BTM,0.04150943396226415
SLC,BUR,0.048411497730711045
SLC,BWI,0.11636363636363636
SLC,BZN,0.09830508474576272
SLC,CDC,0.11373390557939914
SLC,CLT,0.10246679316888045
SLC,CNY,0.03414634146341464
SLC,COD,0.06474820143884892
SLC,COS,0.07515657620041753
SLC,CPR,0.037091988130563795
SLC,CVG,0.0911214953271028
SLC,DAL,0.0
SLC,DCA,0.14728682170542637
SLC,DEN,0.1843843843843844
SLC,DFW,0.16083634901487737
SLC,DSM,0.21428571428571427
SLC,DTW,0.07838070628768304
SLC,EKO,0.07259953161592506
SLC,EUG,0.04417670682730924
SLC,EWR,0.14166666666666666
SLC,FAR,0.125
SLC,FAT,0.09640287769784173
SLC,FCA,0.07503410641200546
SLC,GCC,0.05970149253731343
SLC,GEG,0.10071942446043165
SLC,GJT,0.07157057654075547
SLC,GTF,0.04395604395604396
SLC,HLN,0.046153846153846156
SLC,HNL,0.15648854961832062
SLC,HOU,0.0
SLC,IAH,0.19542362399505256
SLC,IDA,0.07755474452554745
SLC,IND,0.07142857142857142
SLC,JAC,0.09922680412371133
SLC,JFK,0.18704560475875742
SLC,LAS,0.13996075866579463
SLC,LAX,0.20038743004735257
SLC,LGB,0.12344139650872818
SLC,LWS,0.035864978902953586
SLC,MCI,0.09109311740890688
SLC,MCO,0.1694747274529237
SLC,MDW,0.09316770186335403
SLC,MEM,0.18518518518518517
SLC,MFR,0.05182341650671785
SLC,MIA,0.125
SLC,MSN,0.07453416149068323
SLC,MSO,0.07021791767554479
SLC,MSP,0.0783289817232376
SLC,MSY,0.14606741573033707
SLC,OAK,0.1313246162592382
SLC,OKC,0.1494949494949495
SLC,OMA,0.11168831168831168
SLC,ONT,0.09055627425614489
SLC,ORD,0.2208796520057999
SLC,PDX,0.11505832449628844
SLC,PHL,0.14555765595463138
SLC,PHX,0.13055922501100836
SLC,PIH,0.06457564575645756
SLC,PSC,0.077733860342556
SLC,PSP,0.06174957118353345
SLC,RAP,0.06306306306306306
SLC,RDM,0.02494802494802495
SLC,RKS,0.06666666666666667
SLC,RNO,0.09718670076726342
SLC,SAN,0.11279826464208242
SLC,SAT,0.12882096069868995
SLC,SEA,0.13311570547696772
SLC,SFO,0.22923728813559321
SLC,SGU,0.09740932642487046
SLC,SJC,0.08453757225433527
SLC,SMF,0.10714285714285714
SLC,SNA,0.08469308469308469
SLC,STL,0.10393258426966293
SLC,SUN,0.08464566929133858
SLC,TUL,0.09282700421940929
SLC,TUS,0.061855670103092786
SLC,TWF,0.07938931297709924
SLC,VEL,0.04060913705583756
SLC,WYS,0.09178743961352658
SLC,XNA,0.0
SMF,ATL,0.15333333333333332
SMF,BOS,0.4583333333333333
SMF,BUR,0.13912009512485138
SMF,CLT,0.192090395480226
SMF,DAL,0.05113636363636364
SMF,DEN,0.15113871635610765
SMF,DFW,0.16539923954372623
SMF,HNL,0.3553113553113553
SMF,IAD,0.09142857142857143
SMF,IAH,0.1555977229601518
SMF,JFK,0.22466960352422907
SMF,LAS,0.17459538989700835
SMF,LAX,0.26902286902286904
SMF,LGB,0.15828677839851024
SMF,MDW,0.1686046511627907
SMF,MSP,0.11085972850678733
SMF,OGG,0.09558823529411764
SMF,ONT,0.20935812837432513
SMF,ORD,0.16183574879227053
SMF,PDX,0.18793503480278423
SMF,PHL,0.18666666666666668
SMF,PHX,0.14141020646669264
SMF,SAN,0.1745262230057294
SMF,SEA,0.15406767458603313
SMF,SFO,0.2860557768924303
SMF,SLC,0.11333333333333333
SMF,SNA,0.1295005807200929
SMX,LAX,0.20647773279352227
SMX,SFO,0.1232876712328767
SNA,ATL,0.08629441624365482
SNA,AUS,0.22105263157894736
SNA,DAL,0.1721698113207547
SNA,DEN,0.1624722427831236
SNA,DFW,0.1336206896551724
SNA,EWR,0.09016393442622951
SNA,HOU,0.19753086419753085
SNA,IAH,0.14795918367346939
SNA,LAS,0.14969758064516128
SNA,MDW,0.07446808510638298
SNA,MSP,0.045992115637319315
SNA,OAK,0.12772277227722773
SNA,ORD,0.15626788780767029
SNA,PDX,0.08284023668639054
SNA,PHX,0.12893796687236114
SNA,SEA,0.08755760368663594
SNA,SFO,0.2553006099331978
SNA,SJC,0.14482126489459213
SNA,SLC,0.06521739130434782
SNA,SMF,0.1717755928282244
SPI,DFW,0.18043478260869567
SPI,ORD,0.17369093231162197
SPS,DFW,0.19114688128772636
SRQ,ATL,0.0929936305732484
SRQ,BOS,0.30701754385964913
SRQ,DTW,0.11290322580645161
SRQ,EWR,0.21686746987951808
SRQ,JFK,0.18631178707224336
SRQ,LGA,0.3815028901734104
SRQ,ORD,0.20689655172413793
STC,ORD,0.3116883116883117
STL,ATL,0.11826086956521739
STL,AUS,0.16842105263157894
STL,BNA,0.15459882583170254
STL,BOS,0.21518987341772153
STL,BWI,0.18881856540084388
STL,CLE,0.14004914004914004
STL,CLT,0.15188172043010753
STL,CMH,0.26954732510288065
STL,CVG,0.08333333333333333
STL,DAL,0.24009190120620333
STL,DCA,0.1956241956241956
STL,DEN,0.20052945069490405
STL,DFW,0.17555012224938876
STL,DTW,0.2017716535433071
STL,ECP,0.12883435582822086
STL,EWR,0.22245762711864406
STL,FLL,0.1971153846153846
STL,GRR,0.33840304182509506
STL,HOU,0.2387295081967213
STL,IAD,0.1111111111111111
STL,IAH,0.20273348519362186
STL,LAS,0.1546218487394958
STL,LAX,0.15265866209262435
STL,LGA,0.280806572068708
STL,MCI,0.2123076923076923
STL,MCO,0.17898193760262726
STL,MDW,0.17556346381969157
STL,MIA,0.22153209109730848
STL,MKE,0.1910569105691057
STL,MSP,0.1896551724137931
STL,MSY,0.2017353579175705
STL,OKC,0.11801242236024845
STL,OMA,0.1695364238410596
STL,ORD,0.2139325842696629
STL,PDX,0.0
STL,PHL,0.25544554455445545
STL,PHX,0.1490084985835694
STL,RDU,0.31451612903225806
STL,RSW,0.17567567567567569
STL,SAN,0.07647058823529412
STL,SAT,0.2079207920792079
STL,SEA,0.17814726840855108
STL,SFO,0.2033898305084746
STL,SLC,0.055865921787709494
STL,TPA,0.19250425894378195
STL,TTN,0.3333333333333333
STL,TUL,0.12915129151291513
STT,ATL,0.0975609756097561
STT,BOS,0.32941176470588235
STT,CLT,0.2015810276679842
STT,EWR,0.2828282828282828
STT,FLL,0.25
STT,IAD,0.1885245901639344
STT,IAH,0.18181818181818182
STT,JFK,0.20638297872340425
STT,MIA,0.22623828647925034
STT,ORD,0.34285714285714286
STT,PHL,0.38095238095238093
STT,SJU,0.10472972972972973
STX,ATL,0.0625
STX,CLT,0.5925925925925926
STX,MIA,0.21524663677130046
STX,SJU,0.17343173431734318
SUN,DEN,0.27
SUN,SFO,0.2727272727272727
SUN,SLC,0.06019417475728155
SUX,ORD,0.20041322314049587
SWF,DTW,0.2631578947368421
SWF,FLL,0.16417910447761194
SWF,MCO,0.2537878787878788
SWF,TPA,0.5
SYR,ATL,0.10828025477707007
SYR,CLT,0.12422360248447205
SYR,DCA,0.12903225806451613
SYR,DTW,0.07643312101910828
SYR,EWR,0.24702380952380953
SYR,IAD,0.2
SYR,JFK,0.1882793017456359
SYR,LGA,0.30357142857142855
SYR,MCO,0.16544117647058823
SYR,MSP,0.047619047619047616
SYR,ORD,0.21888053467000834
TLH,ATL,0.14428152492668622
TLH,DFW,0.23346303501945526
TLH,MIA,0.14250614250614252
TOL,ORD,0.16689280868385345
TPA,ACY,0.3025830258302583
TPA,ALB,0.1838006230529595
TPA,ATL,0.1468100105745506
TPA,AUS,0.10780669144981413
TPA,BDL,0.20607661822985468
TPA,BHM,0.193359375
TPA,BNA,0.17507723995880536
TPA,BOS,0.2840646651270208
TPA,BUF,0.22850678733031674
TPA,BWI,0.18462434478741993
TPA,CAK,0.2435064935064935
TPA,CLE,0.1937799043062201
TPA,CLT,0.13907849829351535
TPA,CMH,0.21323529411764705
TPA,CVG,0.13127413127413126
TPA,DAL,0.15469613259668508
TPA,DAY,0.19658119658119658
TPA,DCA,0.14167812929848694
TPA,DEN,0.15301391035548687
TPA,DFW,0.1738703339882122
TPA,DTW,0.15038033937975423
TPA,EWR,0.23743185947910359
TPA,FLL,0.17826375082836315
TPA,FNT,0.28402366863905326
TPA,GRR,0.175
TPA,HOU,0.20466321243523317
TPA,HPN,0.22053231939163498
TPA,IAD,0.19682151589242053
TPA,IAH,0.21836587129428778
TPA,ILG,0.11764705882352941
TPA,IND,0.23066298342541436
TPA,ISP,0.2034313725490196
TPA,JFK,0.2535
TPA,LAS,0.13529411764705881
TPA,LAX,0.19694072657743786
TPA,LBE,0.3389830508474576
TPA,LGA,0.2835633626097867
TPA,MCI,0.2209026128266033
TPA,MDW,0.1944209636517329
TPA,MEM,0.17407407407407408
TPA,MHT,0.18947368421052632
TPA,MIA,0.19047619047619047
TPA,MKE,0.1835564053537285
TPA,MSP,0.12965186074429771
TPA,MSY,0.1636828644501279
TPA,ORD,0.23465140478668053
TPA,ORF,0.1111111111111111
TPA,PHL,0.22082018927444794
TPA,PHX,0.14285714285714285
TPA,PIT,0.21448863636363635
TPA,PVD,0.16423357664233576
TPA,RDU,0.1470160116448326
TPA,ROC,0.2570281124497992
TPA,SAT,0.20833333333333334
TPA,SDF,0.15737704918032788
TPA,SEA,0.22426470588235295
TPA,SJU,0.21784472769409038
TPA,STL,0.1794871794871795
TPA,TTN,0.3670886075949367
TRI,ATL,0.17278481012658228
TTN,ATL,0.3269230769230769
TTN,BNA,0.5
TTN,CLT,0.23504273504273504
TTN,CVG,0.6666666666666666
TTN,DTW,0.16025641025641027
TTN,FLL,0.203125
TTN,IND,0.5
TTN,MCO,0.2605042016806723
TTN,MDW,0.2727272727272727
TTN,MKE,0.0
TTN,MSP,0.43137254901960786
TTN,ORD,0.18633540372670807
TTN,PBI,0.25
TTN,RDU,0.16589861751152074
TTN,RSW,0.18045112781954886
TTN,STL,0.3333333333333333
TTN,TPA,0.35403726708074534
TTN,UST,0.2909090909090909
TUL,ATL,0.1445978878960195
TUL,AUS,0.0
TUL,DAL,0.20343461030383092
TUL,DEN,0.1969439728353141
TUL,DFW,0.15970287836583102
TUL,DTW,0.15789473684210525
TUL,EWR,0.0
TUL,HOU,0.20833333333333334
TUL,IAD,0.0
TUL,IAH,0.1469225678358703
TUL,LAS,0.12867647058823528
TUL,MDW,0.0599250936329588
TUL,MIA,0.1794871794871795
TUL,MSP,0.2956521739130435
TUL,ORD,0.2170632617527568
TUL,PHX,0.14163090128755365
TUL,SLC,0.07142857142857142
TUL,STL,0.17647058823529413
TUS,ATL,0.098
TUS,DEN,0.17541528239202658
TUS,DFW,0.1167925624636839
TUS,IAH,0.15233949945593037
TUS,LAS,0.13
TUS,LAX,0.22047597665020208
TUS,MDW,0.14285714285714285
TUS,MSP,0.10294117647058823
TUS,ORD,0.1384297520661157
TUS,PDX,0.10457516339869281
TUS,PHX,0.11490683229813664
TUS,SAN,0.18328840970350405
TUS,SEA,0.06734006734006734
TUS,SFO,0.24439918533604887
TUS,SLC,0.06589147286821706
TVC,ATL,0.0625
TVC,DTW,0.10174880763116058
TVC,EWR,0.07692307692307693
TVC,LGA,0.15217391304347827
TVC,MSP,0.23853211009174313
TVC,ORD,0.1823855755894591
TWF,SLC,0.055130168453292494
TXK,DFW,0.16356382978723405
TYR,DFW,0.22720125786163523
TYR,IAH,0.13812154696132597
TYS,ATL,0.1536231884057971
TYS,DEN,0.16996047430830039
TYS,DFW,0.3101018010963195
TYS,DTW,0.12307692307692308
TYS,EWR,0.05084745762711865
TYS,IAD,0.3333333333333333
TYS,IAH,0.21818181818181817
TYS,LGA,0.5901639344262295
TYS,ORD,0.24022988505747125
UST,IAD,0.3333333333333333
UST,TTN,0.29906542056074764
VEL,SLC,0.035
VLD,ATL,0.16469038208168643
VPS,ATL,0.10844046953605366
VPS,DFW,0.271830985915493
VPS,IAH,0.1495956873315364
WRG,KTN,0.21804511278195488
WRG,PSG,0.16791044776119404
WYS,SLC,0.07211538461538461
XNA,ATL,0.17249417249417248
XNA,CVG,0.13725490196078433
XNA,DEN,0.14893617021276595
XNA,DFW,0.2634285714285714
XNA,EWR,0.37142857142857144
XNA,IAH,0.16206896551724137
XNA,LGA,0.2995391705069124
XNA,MSP,0.239247311827957
XNA,ORD,0.2606205250596659
XNA,SLC,0.0
YAK,CDV,0.1455223880597015
YAK,JNU,0.08582089552238806
YUM,PHX,0.11052631578947368
